"日期","收市","開市","高","低","成交量","更改%"
"2020年11月23日","4.19","4.10","4.20","4.10","193.01M","2.44%"
"2020年11月20日","4.09","4.12","4.13","4.07","94.94M","-0.73%"
"2020年11月19日","4.12","4.11","4.15","4.10","100.22M","0.24%"
"2020年11月18日","4.11","4.10","4.14","4.09","141.10M","-0.24%"
"2020年11月17日","4.12","4.12","4.14","4.09","160.93M","0.49%"
"2020年11月16日","4.10","4.03","4.11","4.03","151.31M","1.99%"
"2020年11月13日","4.02","4.05","4.06","4.00","100.16M","-0.99%"
"2020年11月12日","4.06","4.12","4.12","4.04","117.67M","-1.46%"
"2020年11月11日","4.12","4.05","4.13","4.05","210.51M","1.98%"
"2020年11月10日","4.04","4.10","4.14","4.03","275.91M","0.75%"
"2020年11月9日","4.01","3.99","4.04","3.98","118.27M","0.75%"
"2020年11月6日","3.98","3.96","3.99","3.95","102.15M","0.51%"
"2020年11月5日","3.96","3.96","3.97","3.93","99.76M","0.76%"
"2020年11月4日","3.93","3.95","3.95","3.91","56.02M","-0.51%"
"2020年11月3日","3.95","3.92","3.95","3.91","100.03M","1.02%"
"2020年11月2日","3.91","3.89","3.92","3.88","86.47M","0.26%"
"2020年10月30日","3.90","3.89","3.93","3.88","127.07M","0.26%"
"2020年10月29日","3.89","3.86","3.90","3.86","82.80M","0.26%"
"2020年10月28日","3.88","3.88","3.89","3.86","42.84M","0.00%"
"2020年10月27日","3.88","3.90","3.90","3.88","40.30M","-0.51%"
"2020年10月26日","3.90","3.91","3.92","3.89","60.53M","0.00%"
"2020年10月23日","3.90","3.86","3.92","3.85","128.97M","-0.51%"
"2020年10月22日","3.92","3.92","3.93","3.91","40.61M","-0.25%"
"2020年10月21日","3.93","3.93","3.94","3.91","61.35M","0.00%"
"2020年10月20日","3.93","3.92","3.94","3.91","45.15M","0.26%"
"2020年10月19日","3.92","3.93","3.95","3.91","80.30M","-0.25%"
"2020年10月16日","3.93","3.92","3.94","3.91","51.15M","0.26%"
"2020年10月15日","3.92","3.91","3.93","3.91","39.91M","0.00%"
"2020年10月14日","3.92","3.93","3.94","3.90","77.74M","-0.51%"
"2020年10月13日","3.94","3.96","3.96","3.93","41.41M","-0.51%"
"2020年10月12日","3.96","3.94","3.97","3.92","77.82M","0.76%"
"2020年10月9日","3.93","3.93","3.95","3.92","52.39M","0.51%"
"2020年9月30日","3.91","3.90","3.93","3.88","71.00M","0.51%"
"2020年9月29日","3.89","3.90","3.91","3.89","41.16M","0.00%"
"2020年9月28日","3.89","3.89","3.91","3.88","69.44M","0.00%"
"2020年9月25日","3.89","3.90","3.90","3.88","42.14M","0.00%"
"2020年9月24日","3.89","3.92","3.92","3.88","84.43M","-0.77%"
"2020年9月23日","3.92","3.93","3.94","3.92","42.74M","-0.25%"
"2020年9月22日","3.93","3.95","3.97","3.93","75.63M","-1.01%"
"2020年9月21日","3.97","3.96","3.98","3.95","76.44M","0.25%"
"2020年9月18日","3.96","3.95","3.96","3.93","127.00M","0.76%"
"2020年9月17日","3.93","3.94","3.95","3.93","52.46M","-0.25%"
"2020年9月16日","3.94","3.93","3.95","3.91","68.23M","0.51%"
"2020年9月15日","3.92","3.92","3.93","3.91","49.24M","0.00%"
"2020年9月14日","3.92","3.92","3.93","3.91","57.18M","0.26%"
"2020年9月11日","3.91","3.91","3.92","3.90","70.92M","-0.26%"
"2020年9月10日","3.92","3.95","3.96","3.91","118.30M","-0.51%"
"2020年9月9日","3.94","3.95","3.97","3.94","121.62M","-0.76%"
"2020年9月8日","3.97","3.96","3.98","3.95","97.11M","0.25%"
"2020年9月7日","3.96","3.97","3.98","3.95","110.02M","-0.50%"
"2020年9月4日","3.98","3.98","3.99","3.96","118.32M","-0.25%"
"2020年9月3日","3.99","4.00","4.02","3.98","108.36M","-0.25%"
"2020年9月2日","4.00","4.03","4.03","3.99","99.42M","-0.74%"
"2020年9月1日","4.03","4.02","4.04","4.02","87.70M","0.00%"
"2020年8月31日","4.03","4.03","4.06","4.02","160.05M","0.00%"
"2020年8月28日","4.03","4.02","4.04","4.00","122.79M","0.00%"
"2020年8月27日","4.03","4.05","4.06","4.01","102.65M","-0.49%"
"2020年8月26日","4.05","4.04","4.07","4.02","177.82M","0.50%"
"2020年8月25日","4.03","4.05","4.05","4.02","102.72M","-0.25%"
"2020年8月24日","4.04","4.03","4.05","4.02","104.33M","0.25%"
"2020年8月21日","4.03","4.04","4.05","4.01","100.44M","0.00%"
"2020年8月20日","4.03","4.06","4.06","4.02","179.98M","-0.74%"
"2020年8月19日","4.06","4.06","4.10","4.05","236.41M","0.00%"
"2020年8月18日","4.06","4.07","4.08","4.04","172.36M","-0.25%"
"2020年8月17日","4.07","4.01","4.09","4.01","292.14M","1.24%"
"2020年8月14日","4.02","4.00","4.02","3.99","117.52M","0.25%"
"2020年8月13日","4.01","4.00","4.02","3.99","147.11M","0.50%"
"2020年8月12日","3.99","3.99","4.00","3.97","177.45M","0.00%"
"2020年8月11日","3.99","4.01","4.02","3.99","157.80M","-0.25%"
"2020年8月10日","4.00","3.99","4.01","3.97","146.32M","0.25%"
"2020年8月7日","3.99","4.02","4.03","3.98","170.69M","-0.99%"
"2020年8月6日","4.03","4.04","4.06","4.01","171.52M","0.25%"
"2020年8月5日","4.02","4.03","4.04","4.00","111.56M","-0.50%"
"2020年8月4日","4.04","4.01","4.05","4.00","167.47M","0.75%"
"2020年8月3日","4.01","4.00","4.02","3.99","131.67M","0.25%"
"2020年7月31日","4.00","3.98","4.01","3.97","140.60M","0.25%"
"2020年7月30日","3.99","4.01","4.02","3.99","97.23M","-0.75%"
"2020年7月29日","4.02","4.01","4.02","3.98","198.56M","0.25%"
"2020年7月28日","4.01","4.03","4.04","3.99","117.68M","0.00%"
"2020年7月27日","4.01","4.01","4.03","3.99","123.33M","0.25%"
"2020年7月24日","4.00","4.06","4.09","3.99","192.38M","-0.74%"
"2020年7月23日","4.03","4.06","4.08","3.99","174.84M","-1.23%"
"2020年7月22日","4.08","4.05","4.13","4.03","254.72M","1.49%"
"2020年7月21日","4.02","4.05","4.07","4.01","117.65M","-0.50%"
"2020年7月20日","4.04","3.98","4.05","3.97","157.38M","1.76%"
"2020年7月17日","3.97","3.99","4.00","3.96","130.99M","-0.25%"
"2020年7月16日","3.98","4.07","4.07","3.98","217.23M","-1.73%"
"2020年7月15日","4.05","4.11","4.13","4.04","190.49M","-0.98%"
"2020年7月14日","4.09","4.15","4.17","4.07","279.70M","-1.92%"
"2020年7月13日","4.17","4.13","4.18","4.12","241.00M","0.97%"
"2020年7月10日","4.13","4.20","4.20","4.12","217.22M","-2.36%"
"2020年7月9日","4.23","4.20","4.25","4.17","271.90M","0.48%"
"2020年7月8日","4.21","4.21","4.22","4.13","289.02M","-0.47%"
"2020年7月7日","4.23","4.31","4.36","4.23","420.18M","-0.94%"
"2020年7月6日","4.27","4.11","4.29","4.11","423.75M","4.66%"
"2020年7月3日","4.08","4.00","4.09","3.99","227.16M","1.75%"
"2020年7月2日","4.01","3.92","4.02","3.91","211.94M","2.04%"
"2020年7月1日","3.93","3.92","3.94","3.90","98.02M","0.51%"
"2020年6月30日","3.91","3.93","3.94","3.91","67.64M","-0.26%"
"2020年6月29日","3.92","3.96","3.96","3.90","147.28M","-1.26%"
"2020年6月24日","3.97","3.96","3.98","3.96","74.13M","0.00%"
"2020年6月23日","3.97","3.99","4.00","3.96","91.20M","-0.50%"
"2020年6月22日","3.99","4.01","4.02","3.99","86.16M","-0.50%"
"2020年6月19日","4.01","4.01","4.03","4.00","96.10M","0.00%"
"2020年6月18日","4.01","3.99","4.02","3.98","107.44M","0.00%"
"2020年6月17日","4.01","4.01","4.02","3.99","64.23M","-0.25%"
"2020年6月16日","4.02","4.02","4.02","4.00","55.59M","0.75%"
"2020年6月15日","3.99","4.02","4.02","3.99","60.14M","-1.24%"
"2020年6月12日","4.04","3.99","4.07","3.97","92.42M","0.25%"
"2020年6月11日","4.03","4.08","4.09","4.03","97.04M","-1.47%"
"2020年6月10日","4.09","4.12","4.12","4.08","108.42M","-4.66%"
"2020年6月9日","4.29","4.30","4.30","4.27","111.04M","-0.23%"
"2020年6月8日","4.30","4.25","4.30","4.24","129.64M","1.65%"
"2020年6月5日","4.23","4.20","4.23","4.17","78.16M","0.95%"
"2020年6月4日","4.19","4.26","4.26","4.18","93.56M","-1.18%"
"2020年6月3日","4.24","4.24","4.27","4.23","91.00M","0.47%"
"2020年6月2日","4.22","4.20","4.24","4.19","84.26M","0.48%"
"2020年6月1日","4.20","4.15","4.21","4.15","100.85M","1.45%"
"2020年5月29日","4.14","4.18","4.19","4.14","81.22M","-1.19%"
"2020年5月28日","4.19","4.18","4.21","4.16","68.67M","0.00%"
"2020年5月27日","4.19","4.21","4.22","4.18","71.93M","-0.48%"
"2020年5月26日","4.21","4.23","4.24","4.19","81.14M","-0.24%"
"2020年5月25日","4.22","4.25","4.26","4.21","58.93M","-0.71%"
"2020年5月22日","4.25","4.35","4.36","4.25","121.24M","-2.52%"
"2020年5月21日","4.36","4.38","4.39","4.35","68.25M","-0.23%"
"2020年5月20日","4.37","4.39","4.39","4.36","42.61M","-0.46%"
"2020年5月19日","4.39","4.41","4.42","4.38","76.97M","0.46%"
"2020年5月18日","4.37","4.37","4.39","4.36","51.50M","0.23%"
"2020年5月15日","4.36","4.39","4.40","4.36","50.81M","-0.46%"
"2020年5月14日","4.38","4.39","4.40","4.37","55.41M","-0.68%"
"2020年5月13日","4.41","4.40","4.42","4.38","62.13M","0.23%"
"2020年5月12日","4.40","4.42","4.42","4.40","54.07M","-0.23%"
"2020年5月11日","4.41","4.43","4.44","4.41","55.95M","-0.23%"
"2020年5月8日","4.42","4.42","4.43","4.41","65.92M","0.23%"
"2020年5月7日","4.41","4.43","4.43","4.41","57.72M","-0.45%"
"2020年5月6日","4.43","4.41","4.44","4.41","84.82M","-0.67%"
"2020年4月30日","4.46","4.41","4.46","4.38","119.64M","0.45%"
"2020年4月29日","4.44","4.46","4.46","4.42","67.86M","0.23%"
"2020年4月28日","4.43","4.49","4.50","4.43","110.51M","-1.77%"
"2020年4月27日","4.51","4.50","4.52","4.48","65.73M","0.45%"
"2020年4月24日","4.49","4.55","4.56","4.49","81.34M","-1.32%"
"2020年4月23日","4.55","4.52","4.61","4.52","121.50M","0.89%"
"2020年4月22日","4.51","4.52","4.53","4.48","77.97M","-0.66%"
"2020年4月21日","4.54","4.57","4.59","4.53","119.49M","-1.52%"
"2020年4月20日","4.61","4.52","4.65","4.52","137.59M","1.10%"
"2020年4月17日","4.56","4.50","4.58","4.48","211.82M","2.01%"
"2020年4月16日","4.47","4.47","4.49","4.47","80.86M","-0.45%"
"2020年4月15日","4.49","4.49","4.50","4.47","75.52M","-0.22%"
"2020年4月14日","4.50","4.50","4.51","4.47","99.62M","0.00%"
"2020年4月13日","4.50","4.50","4.52","4.49","84.32M","0.22%"
"2020年4月10日","4.49","4.50","4.54","4.47","99.70M","-0.44%"
"2020年4月9日","4.51","4.52","4.53","4.50","79.26M","0.22%"
"2020年4月8日","4.50","4.49","4.50","4.45","116.63M","-0.22%"
"2020年4月7日","4.51","4.51","4.54","4.48","159.96M","1.12%"
"2020年4月3日","4.46","4.54","4.54","4.45","167.68M","-1.98%"
"2020年4月2日","4.55","4.36","4.56","4.36","264.06M","3.64%"
"2020年4月1日","4.39","4.42","4.43","4.38","116.15M","-0.90%"
"2020年3月31日","4.43","4.49","4.49","4.40","161.01M","-0.89%"
"2020年3月30日","4.47","4.49","4.49","4.44","102.48M","-0.45%"
"2020年3月27日","4.49","4.52","4.53","4.47","75.60M","0.00%"
"2020年3月26日","4.49","4.52","4.53","4.48","69.71M","-0.66%"
"2020年3月25日","4.52","4.55","4.55","4.50","86.45M","0.89%"
"2020年3月24日","4.48","4.46","4.49","4.45","81.32M","1.13%"
"2020年3月23日","4.43","4.45","4.47","4.41","86.95M","-1.77%"
"2020年3月20日","4.51","4.50","4.53","4.45","98.92M","1.35%"
"2020年3月19日","4.45","4.51","4.54","4.41","145.72M","-1.77%"
"2020年3月18日","4.53","4.59","4.62","4.52","141.10M","-1.31%"
"2020年3月17日","4.59","4.62","4.67","4.51","154.08M","-0.86%"
"2020年3月16日","4.63","4.58","4.77","4.58","266.57M","1.76%"
"2020年3月13日","4.55","4.52","4.59","4.51","206.57M","-1.94%"
"2020年3月12日","4.64","4.70","4.74","4.62","175.04M","-2.32%"
"2020年3月11日","4.75","4.81","4.81","4.75","150.51M","-1.45%"
"2020年3月10日","4.82","4.85","4.91","4.72","263.40M","-1.83%"
"2020年3月9日","4.91","4.73","5.00","4.60","518.23M","2.51%"
"2020年3月6日","4.79","4.76","4.82","4.73","161.58M","0.00%"
"2020年3月5日","4.79","4.74","4.80","4.72","160.77M","1.70%"
"2020年3月4日","4.71","4.71","4.73","4.69","79.93M","0.00%"
"2020年3月3日","4.71","4.74","4.76","4.68","132.75M","0.21%"
"2020年3月2日","4.70","4.62","4.73","4.62","155.09M","2.17%"
"2020年2月28日","4.60","4.61","4.65","4.56","166.94M","-1.29%"
"2020年2月27日","4.66","4.68","4.69","4.65","103.34M","-0.43%"
"2020年2月26日","4.68","4.63","4.70","4.61","143.61M","0.43%"
"2020年2月25日","4.66","4.67","4.69","4.64","145.50M","-1.27%"
"2020年2月24日","4.72","4.76","4.77","4.71","129.22M","-1.46%"
"2020年2月21日","4.79","4.77","4.79","4.77","98.26M","0.00%"
"2020年2月20日","4.79","4.76","4.79","4.75","120.38M","1.05%"
"2020年2月19日","4.74","4.76","4.77","4.73","93.44M","-0.21%"
"2020年2月18日","4.75","4.78","4.79","4.74","118.70M","-0.63%"
"2020年2月17日","4.78","4.71","4.79","4.70","105.99M","1.49%"
"2020年2月14日","4.71","4.69","4.72","4.68","66.68M","0.21%"
"2020年2月13日","4.70","4.73","4.74","4.70","91.86M","-0.63%"
"2020年2月12日","4.73","4.72","4.73","4.68","84.46M","0.21%"
"2020年2月11日","4.72","4.71","4.75","4.69","116.92M","0.21%"
"2020年2月10日","4.71","4.74","4.74","4.68","114.66M","-0.42%"
"2020年2月7日","4.73","4.70","4.74","4.66","95.19M","0.64%"
"2020年2月6日","4.70","4.69","4.73","4.63","102.45M","1.29%"
"2020年2月5日","4.64","4.63","4.70","4.59","120.89M","0.00%"
"2020年2月4日","4.64","4.58","4.65","4.54","120.06M","0.43%"
"2020年2月3日","4.62","4.50","4.74","4.49","216.18M","-6.48%"
"2020年1月23日","4.94","4.96","4.97","4.90","110.49M","-0.80%"
"2020年1月22日","4.98","5.00","5.01","4.95","81.20M","-0.60%"
"2020年1月21日","5.01","5.04","5.05","5.00","74.50M","-0.79%"
"2020年1月20日","5.05","5.07","5.08","5.04","61.51M","-0.39%"
"2020年1月17日","5.07","5.08","5.10","5.05","60.19M","0.00%"
"2020年1月16日","5.07","5.10","5.11","5.06","52.75M","-0.39%"
"2020年1月15日","5.09","5.14","5.14","5.09","50.51M","-0.97%"
"2020年1月14日","5.14","5.13","5.17","5.11","84.45M","0.00%"
"2020年1月13日","5.14","5.16","5.17","5.10","83.75M","-0.39%"
"2020年1月10日","5.16","5.18","5.19","5.14","46.91M","-0.58%"
"2020年1月9日","5.19","5.19","5.22","5.17","103.36M","-1.70%"
"2020年1月8日","5.28","5.32","5.35","5.27","127.04M","0.57%"
"2020年1月7日","5.25","5.30","5.30","5.20","126.35M","-2.05%"
"2020年1月6日","5.36","5.31","5.41","5.29","211.25M","1.71%"
"2020年1月3日","5.27","5.19","5.29","5.18","164.89M","1.93%"
"2020年1月2日","5.17","5.13","5.19","5.11","125.04M","1.17%"
"2019年12月31日","5.11","5.07","5.12","5.06","89.18M","0.59%"
"2019年12月30日","5.08","5.05","5.09","5.04","76.17M","0.59%"
"2019年12月27日","5.05","5.02","5.09","5.02","69.10M","0.60%"
"2019年12月26日","5.02","5.00","5.03","5.00","25.79M","0.20%"
"2019年12月25日","5.01","5.02","5.03","5.00","24.11M","-0.20%"
"2019年12月24日","5.02","4.99","5.03","4.99","23.54M","0.60%"
"2019年12月23日","4.99","5.06","5.06","4.99","53.82M","-1.19%"
"2019年12月20日","5.05","5.05","5.08","5.05","43.93M","-0.20%"
"2019年12月19日","5.06","5.07","5.08","5.04","32.55M","-0.20%"
"2019年12月18日","5.07","5.08","5.11","5.05","64.77M","-0.20%"
"2019年12月17日","5.08","5.02","5.10","4.99","121.08M","1.40%"
"2019年12月16日","5.01","5.00","5.03","4.98","59.20M","0.40%"
"2019年12月13日","4.99","4.97","4.99","4.96","64.92M","0.81%"
"2019年12月12日","4.95","4.97","4.97","4.95","36.40M","-0.20%"
"2019年12月11日","4.96","4.96","4.97","4.95","48.91M","0.40%"
"2019年12月10日","4.94","4.95","4.96","4.93","30.54M","-0.20%"
"2019年12月9日","4.95","4.92","4.95","4.91","52.81M","0.61%"
"2019年12月6日","4.92","4.93","4.94","4.90","51.30M","-0.20%"
"2019年12月5日","4.93","4.94","4.94","4.91","38.32M","0.41%"
"2019年12月4日","4.91","4.93","4.93","4.90","30.94M","-0.41%"
"2019年12月3日","4.93","4.95","4.96","4.91","40.95M","-0.40%"
"2019年12月2日","4.95","4.96","4.97","4.93","49.34M","-0.80%"
"2019年11月29日","4.99","5.00","5.01","4.96","45.81M","-0.40%"
"2019年11月28日","5.01","5.02","5.03","4.99","29.69M","-0.20%"
"2019年11月27日","5.02","5.02","5.04","4.99","46.09M","-0.20%"
"2019年11月26日","5.03","5.03","5.04","4.99","70.65M","0.20%"
"2019年11月25日","5.02","4.93","5.03","4.92","92.56M","1.62%"
"2019年11月22日","4.94","4.95","4.97","4.93","67.02M","0.00%"
"2019年11月21日","4.94","4.92","4.96","4.90","55.79M","0.41%"
"2019年11月20日","4.92","4.89","4.94","4.88","51.66M","0.41%"
"2019年11月19日","4.90","4.89","4.92","4.88","48.25M","-0.20%"
"2019年11月18日","4.91","4.86","4.91","4.85","59.95M","1.24%"
"2019年11月15日","4.85","4.86","4.88","4.84","57.00M","0.00%"
"2019年11月14日","4.85","4.87","4.87","4.85","46.40M","-0.41%"
"2019年11月13日","4.87","4.88","4.88","4.85","50.73M","0.00%"
"2019年11月12日","4.87","4.87","4.89","4.85","46.89M","0.21%"
"2019年11月11日","4.86","4.92","4.92","4.86","65.53M","-1.42%"
"2019年11月8日","4.93","4.95","4.96","4.90","58.36M","-0.20%"
"2019年11月7日","4.94","4.92","4.94","4.91","40.42M","0.20%"
"2019年11月6日","4.93","4.94","4.94","4.92","42.75M","0.00%"
"2019年11月5日","4.93","4.92","4.95","4.89","53.28M","0.61%"
"2019年11月4日","4.90","4.91","4.92","4.89","63.31M","0.20%"
"2019年11月1日","4.89","4.88","4.90","4.86","83.31M","-0.20%"
"2019年10月31日","4.90","4.95","4.95","4.89","75.68M","-1.21%"
"2019年10月30日","4.96","4.99","5.00","4.96","37.72M","-0.60%"
"2019年10月29日","4.99","5.00","5.02","4.99","40.30M","-0.40%"
"2019年10月28日","5.01","4.99","5.02","4.98","57.03M","0.20%"
"2019年10月25日","5.00","5.00","5.00","4.97","48.66M","0.20%"
"2019年10月24日","4.99","4.99","5.00","4.97","41.06M","0.40%"
"2019年10月23日","4.97","4.98","4.99","4.96","36.10M","-0.20%"
"2019年10月22日","4.98","4.99","4.99","4.95","50.45M","0.00%"
"2019年10月21日","4.98","4.99","5.00","4.97","50.88M","-0.20%"
"2019年10月18日","4.99","5.05","5.05","4.99","42.66M","-0.99%"
"2019年10月17日","5.04","5.05","5.06","5.03","25.47M","-0.20%"
"2019年10月16日","5.05","5.05","5.07","5.03","42.72M","0.20%"
"2019年10月15日","5.04","5.08","5.08","5.04","36.03M","-0.79%"
"2019年10月14日","5.08","5.07","5.11","5.05","66.51M","0.00%"
"2019年10月11日","5.08","5.02","5.09","5.00","74.76M","1.60%"
"2019年10月10日","5.00","5.01","5.01","4.98","37.81M","-0.20%"
"2019年10月9日","5.01","4.98","5.02","4.96","41.44M","0.20%"
"2019年10月8日","5.00","4.99","5.02","4.99","43.67M","-0.40%"
"2019年9月30日","5.02","5.00","5.04","4.99","49.20M","0.60%"
"2019年9月27日","4.99","5.00","5.00","4.97","45.37M","-0.20%"
"2019年9月26日","5.00","5.03","5.03","4.98","60.08M","-0.20%"
"2019年9月25日","5.01","5.02","5.03","5.01","47.39M","-0.60%"
"2019年9月24日","5.04","5.06","5.07","5.03","48.83M","-0.20%"
"2019年9月23日","5.05","5.07","5.07","5.02","56.06M","-0.39%"
"2019年9月20日","5.07","5.10","5.11","5.06","69.85M","-0.39%"
"2019年9月19日","5.09","5.08","5.10","5.05","45.06M","0.39%"
"2019年9月18日","5.07","5.12","5.12","5.07","80.48M","-1.74%"
"2019年9月17日","5.16","5.25","5.25","5.14","109.44M","-3.55%"
"2019年9月16日","5.35","5.39","5.41","5.31","270.50M","2.69%"
"2019年9月12日","5.21","5.25","5.26","5.20","80.77M","-0.95%"
"2019年9月11日","5.26","5.23","5.27","5.22","90.92M","0.77%"
"2019年9月10日","5.22","5.21","5.22","5.19","67.96M","0.58%"
"2019年9月9日","5.19","5.18","5.21","5.15","91.20M","0.78%"
"2019年9月6日","5.15","5.12","5.16","5.12","71.78M","0.78%"
"2019年9月5日","5.11","5.10","5.17","5.09","96.27M","0.39%"
"2019年9月4日","5.09","5.02","5.09","5.01","97.46M","1.39%"
"2019年9月3日","5.02","5.02","5.03","4.99","59.99M","0.00%"
"2019年9月2日","5.02","4.99","5.03","4.98","66.87M","0.80%"
"2019年8月30日","4.98","5.00","5.03","4.96","51.81M","-0.20%"
"2019年8月29日","4.99","4.99","5.00","4.96","45.55M","0.20%"
"2019年8月28日","4.98","4.99","5.01","4.97","42.76M","-0.20%"
"2019年8月27日","4.99","4.98","5.03","4.97","75.95M","0.40%"
"2019年8月26日","4.97","4.95","4.98","4.94","58.44M","-0.80%"
"2019年8月23日","5.01","5.02","5.03","5.00","33.89M","0.00%"
"2019年8月22日","5.01","5.03","5.04","4.98","49.44M","-0.40%"
"2019年8月21日","5.03","5.05","5.05","5.02","29.37M","-0.40%"
"2019年8月20日","5.05","5.04","5.07","5.03","61.65M","0.20%"
"2019年8月19日","5.04","4.99","5.04","4.97","66.81M","1.41%"
"2019年8月16日","4.97","4.96","4.98","4.95","46.72M","0.00%"
"2019年8月15日","4.97","4.91","4.97","4.89","43.07M","0.00%"
"2019年8月14日","4.97","4.98","4.99","4.97","43.60M","0.61%"
"2019年8月13日","4.94","4.97","4.97","4.93","52.84M","-1.00%"
"2019年8月12日","4.99","4.98","4.99","4.95","59.87M","0.20%"
"2019年8月9日","4.98","4.99","4.99","4.96","53.96M","0.00%"
"2019年8月8日","4.98","4.98","4.99","4.96","59.35M","0.20%"
"2019年8月7日","4.97","5.00","5.02","4.95","66.99M","-0.40%"
"2019年8月6日","4.99","4.97","5.01","4.95","106.50M","-0.99%"
"2019年8月5日","5.04","5.11","5.12","5.03","80.94M","-1.75%"
"2019年8月2日","5.13","5.18","5.18","5.12","105.11M","-1.91%"
"2019年8月1日","5.23","5.25","5.27","5.21","61.69M","-0.76%"
"2019年7月31日","5.27","5.26","5.27","5.24","39.85M","0.19%"
"2019年7月30日","5.26","5.26","5.29","5.25","35.26M","0.19%"
"2019年7月29日","5.25","5.28","5.28","5.25","59.21M","-0.57%"
"2019年7月26日","5.28","5.27","5.31","5.24","60.27M","-0.19%"
"2019年7月25日","5.29","5.29","5.31","5.26","49.93M","0.19%"
"2019年7月24日","5.28","5.27","5.32","5.26","54.87M","0.38%"
"2019年7月23日","5.26","5.25","5.29","5.23","54.58M","0.00%"
"2019年7月22日","5.26","5.29","5.30","5.25","54.41M","-0.57%"
"2019年7月19日","5.29","5.25","5.31","5.24","55.98M","0.95%"
"2019年7月18日","5.24","5.28","5.29","5.23","40.87M","-0.76%"
"2019年7月17日","5.28","5.28","5.30","5.26","43.19M","-0.38%"
"2019年7月16日","5.30","5.26","5.32","5.25","62.51M","0.76%"
"2019年7月15日","5.26","5.24","5.27","5.18","65.84M","0.38%"
"2019年7月12日","5.24","5.21","5.26","5.20","62.53M","0.38%"
"2019年7月11日","5.22","5.24","5.25","5.20","97.50M","0.38%"
"2019年7月10日","5.20","5.28","5.28","5.19","87.59M","-1.14%"
"2019年7月9日","5.26","5.32","5.33","5.25","80.06M","-1.31%"
"2019年7月8日","5.33","5.40","5.40","5.31","74.49M","-1.66%"
"2019年7月5日","5.42","5.44","5.44","5.39","62.78M","-0.55%"
"2019年7月4日","5.45","5.39","5.45","5.38","77.17M","1.30%"
"2019年7月3日","5.38","5.41","5.42","5.35","86.21M","-1.10%"
"2019年7月2日","5.44","5.47","5.48","5.42","85.43M","-0.73%"
"2019年7月1日","5.48","5.50","5.51","5.47","81.69M","0.18%"
"2019年6月28日","5.47","5.43","5.47","5.41","58.98M","0.74%"
"2019年6月27日","5.43","5.49","5.51","5.43","99.97M","-0.55%"
"2019年6月26日","5.46","5.39","5.47","5.37","96.87M","1.30%"
"2019年6月25日","5.39","5.41","5.41","5.35","73.96M","-0.19%"
"2019年6月24日","5.40","5.41","5.42","5.38","56.15M","-0.18%"
"2019年6月21日","5.41","5.39","5.44","5.37","113.95M","0.93%"
"2019年6月20日","5.36","5.29","5.38","5.27","162.17M","1.32%"
"2019年6月19日","5.29","5.32","5.33","5.27","109.15M","0.57%"
"2019年6月18日","5.26","5.24","5.28","5.22","55.20M","0.57%"
"2019年6月17日","5.23","5.21","5.25","5.20","52.76M","0.38%"
"2019年6月14日","5.21","5.24","5.25","5.20","69.32M","-0.76%"
"2019年6月13日","5.25","5.24","5.25","5.19","77.94M","-0.19%"
"2019年6月12日","5.26","5.27","5.28","5.24","75.03M","-0.75%"
"2019年6月11日","5.30","5.29","5.31","5.25","141.04M","-4.33%"
"2019年6月10日","5.54","5.49","5.55","5.48","98.65M","1.09%"
"2019年6月6日","5.48","5.48","5.50","5.45","70.64M","0.00%"
"2019年6月5日","5.48","5.45","5.52","5.44","89.09M","0.92%"
"2019年6月4日","5.43","5.43","5.44","5.40","61.18M","-0.18%"
"2019年6月3日","5.44","5.44","5.45","5.41","82.45M","0.18%"
"2019年5月31日","5.43","5.44","5.49","5.42","73.73M","-0.73%"
"2019年5月30日","5.47","5.42","5.48","5.41","108.79M","1.11%"
"2019年5月29日","5.41","5.41","5.44","5.40","63.14M","-0.55%"
"2019年5月28日","5.44","5.43","5.47","5.39","95.21M","0.18%"
"2019年5月27日","5.43","5.39","5.44","5.38","58.73M","0.74%"
"2019年5月24日","5.39","5.42","5.45","5.38","63.73M","-1.28%"
"2019年5月23日","5.46","5.43","5.49","5.41","86.62M","0.18%"
"2019年5月22日","5.45","5.47","5.49","5.44","49.31M","-0.55%"
"2019年5月21日","5.48","5.44","5.53","5.42","95.28M","0.37%"
"2019年5月20日","5.46","5.41","5.47","5.36","100.18M","0.92%"
"2019年5月17日","5.41","5.45","5.45","5.40","118.25M","-0.55%"
"2019年5月16日","5.44","5.39","5.45","5.38","94.23M","0.74%"
"2019年5月15日","5.40","5.37","5.42","5.37","89.24M","0.75%"
"2019年5月14日","5.36","5.34","5.38","5.32","70.32M","-0.19%"
"2019年5月13日","5.37","5.39","5.40","5.36","75.91M","-1.10%"
"2019年5月10日","5.43","5.39","5.44","5.34","96.37M","1.50%"
"2019年5月9日","5.35","5.37","5.40","5.32","72.97M","-0.56%"
"2019年5月8日","5.38","5.39","5.44","5.36","108.37M","-1.28%"
"2019年5月7日","5.45","5.48","5.51","5.42","110.32M","0.18%"
"2019年5月6日","5.44","5.59","5.59","5.42","225.16M","-4.23%"
"2019年4月30日","5.68","5.62","5.69","5.61","91.01M","0.35%"
"2019年4月29日","5.66","5.66","5.70","5.62","117.91M","0.00%"
"2019年4月26日","5.66","5.70","5.73","5.65","113.55M","-1.22%"
"2019年4月25日","5.73","5.79","5.80","5.72","141.11M","-1.55%"
"2019年4月24日","5.82","5.90","5.90","5.78","165.14M","-1.02%"
"2019年4月23日","5.88","5.95","5.97","5.86","195.26M","-0.84%"
"2019年4月22日","5.93","5.91","6.01","5.86","286.97M","1.02%"
"2019年4月19日","5.87","5.85","5.88","5.81","111.56M","0.34%"
"2019年4月18日","5.85","5.87","5.89","5.83","128.77M","-0.51%"
"2019年4月17日","5.88","5.88","5.91","5.85","164.41M","-0.34%"
"2019年4月16日","5.90","5.79","5.90","5.71","227.53M","1.55%"
"2019年4月15日","5.81","5.85","5.90","5.81","166.92M","-0.17%"
"2019年4月12日","5.82","5.81","5.83","5.78","130.44M","-0.17%"
"2019年4月11日","5.83","5.90","5.92","5.81","182.46M","-1.19%"
"2019年4月10日","5.90","5.94","5.94","5.85","223.72M","-1.01%"
"2019年4月9日","5.96","6.01","6.04","5.92","223.27M","-1.16%"
"2019年4月8日","6.03","6.03","6.10","5.96","356.30M","1.69%"
"2019年4月4日","5.93","5.85","5.94","5.83","284.44M","1.19%"
"2019年4月3日","5.86","5.82","5.88","5.80","195.68M","0.86%"
"2019年4月2日","5.81","5.86","5.88","5.79","183.23M","-0.51%"
"2019年4月1日","5.84","5.75","5.84","5.74","259.45M","1.74%"
"2019年3月29日","5.74","5.65","5.75","5.61","198.15M","1.77%"
"2019年3月28日","5.64","5.69","5.70","5.62","116.25M","-1.40%"
"2019年3月27日","5.72","5.71","5.75","5.69","111.25M","0.35%"
"2019年3月26日","5.70","5.80","5.82","5.67","210.22M","-2.06%"
"2019年3月25日","5.82","5.93","5.93","5.79","260.35M","-2.68%"
"2019年3月22日","5.98","6.01","6.02","5.94","92.82M","-0.50%"
"2019年3月21日","6.01","6.03","6.05","5.98","100.93M","0.17%"
"2019年3月20日","6.00","6.04","6.08","5.96","127.87M","-0.83%"
"2019年3月19日","6.05","6.08","6.10","6.02","124.80M","-0.17%"
"2019年3月18日","6.06","5.95","6.07","5.92","170.83M","2.02%"
"2019年3月15日","5.94","5.94","5.98","5.89","105.39M","0.17%"
"2019年3月14日","5.93","5.93","6.00","5.89","109.56M","0.68%"
"2019年3月13日","5.89","5.98","5.98","5.86","116.06M","-1.51%"
"2019年3月12日","5.98","5.90","6.05","5.90","181.42M","1.87%"
"2019年3月11日","5.87","5.84","5.89","5.82","136.33M","0.34%"
"2019年3月8日","5.85","6.01","6.03","5.82","195.83M","-3.78%"
"2019年3月7日","6.08","6.07","6.10","6.03","240.33M","-0.82%"
"2019年3月6日","6.13","6.08","6.16","6.05","278.99M","0.66%"
"2019年3月5日","6.09","6.11","6.11","6.04","173.51M","-0.33%"
"2019年3月4日","6.11","6.08","6.22","6.04","280.48M","0.49%"
"2019年3月1日","6.08","6.04","6.08","6.00","129.18M","1.16%"
"2019年2月28日","6.01","6.03","6.06","6.00","117.62M","-0.50%"
"2019年2月27日","6.04","6.00","6.10","5.99","190.57M","0.67%"
"2019年2月26日","6.00","6.01","6.06","5.96","240.81M","-1.15%"
"2019年2月25日","6.07","5.89","6.08","5.87","269.77M","3.23%"
"2019年2月22日","5.88","5.84","5.88","5.77","96.07M","0.17%"
"2019年2月21日","5.87","5.91","5.92","5.84","79.29M","-0.51%"
"2019年2月20日","5.90","5.87","5.91","5.86","64.92M","0.34%"
"2019年2月19日","5.88","5.90","5.93","5.85","85.28M","-0.34%"
"2019年2月18日","5.90","5.82","5.92","5.81","126.25M","2.61%"
"2019年2月15日","5.75","5.84","5.87","5.73","79.48M","-1.54%"
"2019年2月14日","5.84","5.85","5.88","5.82","85.65M","-0.34%"
"2019年2月13日","5.86","5.71","5.88","5.70","136.01M","2.99%"
"2019年2月12日","5.69","5.70","5.71","5.65","111.36M","-0.18%"
"2019年2月11日","5.70","5.70","5.72","5.60","101.04M","-0.70%"
"2019年2月1日","5.74","5.73","5.78","5.70","77.14M","0.17%"
"2019年1月31日","5.73","5.67","5.77","5.63","108.23M","1.78%"
"2019年1月30日","5.63","5.60","5.68","5.58","86.19M","0.36%"
"2019年1月29日","5.61","5.54","5.62","5.49","129.51M","1.08%"
"2019年1月28日","5.55","5.57","5.64","5.53","146.13M","1.46%"
"2019年1月25日","5.47","5.47","5.50","5.46","67.57M","0.74%"
"2019年1月24日","5.43","5.38","5.45","5.35","75.68M","0.93%"
"2019年1月23日","5.38","5.35","5.42","5.34","64.36M","0.00%"
"2019年1月22日","5.38","5.48","5.49","5.34","91.07M","-1.82%"
"2019年1月21日","5.48","5.44","5.50","5.43","101.25M","1.48%"
"2019年1月18日","5.40","5.40","5.42","5.36","100.18M","0.75%"
"2019年1月17日","5.36","5.41","5.42","5.34","75.26M","-0.56%"
"2019年1月16日","5.39","5.35","5.40","5.33","83.50M","1.13%"
"2019年1月15日","5.33","5.30","5.37","5.30","86.19M","0.76%"
"2019年1月14日","5.29","5.32","5.35","5.28","72.63M","-1.12%"
"2019年1月11日","5.35","5.31","5.36","5.28","80.13M","0.94%"
"2019年1月10日","5.30","5.41","5.44","5.29","145.19M","-0.93%"
"2019年1月9日","5.35","5.29","5.41","5.29","190.08M","2.10%"
"2019年1月8日","5.24","5.18","5.26","5.17","152.64M","1.16%"
"2019年1月7日","5.18","5.16","5.19","5.12","200.16M","1.57%"
"2019年1月4日","5.10","5.01","5.12","5.00","161.67M","1.19%"
"2019年1月3日","5.04","5.03","5.05","4.96","154.79M","0.60%"
"2019年1月2日","5.01","5.10","5.11","4.96","218.56M","-0.79%"
"2018年12月28日","5.05","5.05","5.12","4.99","322.14M","-3.81%"
"2018年12月27日","5.25","5.79","5.85","5.23","429.66M","-6.75%"
"2018年12月26日","5.63","5.63","5.67","5.60","56.06M","0.18%"
"2018年12月25日","5.62","5.64","5.67","5.55","77.82M","-2.09%"
"2018年12月24日","5.74","5.57","5.77","5.56","108.65M","1.95%"
"2018年12月21日","5.63","5.55","5.63","5.51","67.82M","0.36%"
"2018年12月20日","5.61","5.66","5.67","5.57","73.59M","-0.71%"
"2018年12月19日","5.65","5.75","5.75","5.65","119.93M","-2.75%"
"2018年12月18日","5.81","5.92","5.94","5.81","82.69M","-2.68%"
"2018年12月17日","5.97","5.88","5.98","5.88","62.43M","1.36%"
"2018年12月14日","5.89","5.94","5.99","5.89","112.50M","-0.67%"
"2018年12月13日","5.93","5.85","5.95","5.85","75.96M","1.19%"
"2018年12月12日","5.86","5.89","5.89","5.84","48.57M","0.17%"
"2018年12月11日","5.85","5.88","5.89","5.83","62.03M","-1.18%"
"2018年12月10日","5.92","5.88","5.94","5.87","86.00M","1.02%"
"2018年12月7日","5.86","5.86","5.89","5.84","39.09M","-0.17%"
"2018年12月6日","5.87","5.93","5.94","5.84","92.37M","-1.68%"
"2018年12月5日","5.97","5.96","6.01","5.94","56.87M","-0.83%"
"2018年12月4日","6.02","6.06","6.08","5.97","91.13M","-0.66%"
"2018年12月3日","6.06","6.00","6.08","5.98","160.64M","2.71%"
"2018年11月30日","5.90","5.86","5.92","5.85","69.81M","1.20%"
"2018年11月29日","5.83","5.87","5.90","5.82","50.46M","-0.68%"
"2018年11月28日","5.87","5.82","5.89","5.80","55.37M","1.03%"
"2018年11月27日","5.81","5.82","5.85","5.79","53.09M","0.35%"
"2018年11月26日","5.79","5.75","5.83","5.71","76.79M","-0.86%"
"2018年11月23日","5.84","5.88","5.89","5.83","80.22M","-1.18%"
"2018年11月22日","5.91","5.96","5.96","5.89","85.93M","-0.67%"
"2018年11月21日","5.95","5.95","5.96","5.86","147.28M","-1.82%"
"2018年11月20日","6.06","6.10","6.12","6.01","86.03M","-1.14%"
"2018年11月19日","6.13","6.07","6.14","6.05","85.82M","1.32%"
"2018年11月16日","6.05","6.01","6.08","6.00","134.72M","0.83%"
"2018年11月15日","6.00","5.98","6.01","5.96","108.32M","0.50%"
"2018年11月14日","5.97","6.08","6.08","5.93","217.83M","-3.40%"
"2018年11月13日","6.18","6.10","6.20","6.10","95.74M","0.00%"
"2018年11月12日","6.18","6.13","6.19","6.10","87.32M","0.65%"
"2018年11月9日","6.14","6.23","6.24","6.12","82.41M","-1.76%"
"2018年11月8日","6.25","6.29","6.31","6.24","69.95M","0.16%"
"2018年11月7日","6.24","6.31","6.32","6.22","90.08M","-1.73%"
"2018年11月6日","6.35","6.30","6.37","6.27","102.06M","0.47%"
"2018年11月5日","6.32","6.28","6.33","6.23","101.94M","0.00%"
"2018年11月2日","6.32","6.28","6.32","6.22","177.99M","0.96%"
"2018年11月1日","6.26","6.30","6.32","6.22","128.18M","-0.79%"
"2018年10月31日","6.31","6.35","6.36","6.23","114.71M","0.00%"
"2018年10月30日","6.31","6.27","6.37","6.21","98.58M","1.28%"
"2018年10月29日","6.23","6.32","6.39","6.20","136.26M","-0.48%"
"2018年10月26日","6.26","6.23","6.32","6.20","132.76M","0.97%"
"2018年10月25日","6.20","6.08","6.22","6.04","115.15M","0.16%"
"2018年10月24日","6.19","6.12","6.29","6.03","162.77M","-0.96%"
"2018年10月23日","6.25","6.43","6.47","6.22","119.93M","-3.25%"
"2018年10月22日","6.46","6.33","6.57","6.29","221.14M","2.38%"
"2018年10月19日","6.31","6.13","6.35","6.02","136.84M","1.61%"
"2018年10月18日","6.21","6.37","6.42","6.19","141.26M","-4.02%"
"2018年10月17日","6.47","6.63","6.63","6.39","173.48M","-1.22%"
"2018年10月16日","6.55","6.49","6.70","6.49","113.74M","1.08%"
"2018年10月15日","6.48","6.52","6.57","6.45","87.89M","-0.61%"
"2018年10月12日","6.52","6.35","6.55","6.35","134.63M","1.87%"
"2018年10月11日","6.40","6.47","6.51","6.32","189.64M","-4.05%"
"2018年10月10日","6.67","6.67","6.77","6.61","105.13M","0.15%"
"2018年10月9日","6.66","6.62","6.77","6.54","199.68M","0.60%"
"2018年10月8日","6.62","6.90","6.92","6.58","324.86M","-7.02%"
"2018年9月28日","7.12","7.06","7.14","7.01","101.07M","1.14%"
"2018年9月27日","7.04","7.05","7.09","7.00","121.38M","-0.42%"
"2018年9月26日","7.07","6.89","7.12","6.88","226.49M","2.76%"
"2018年9月25日","6.88","6.94","7.03","6.84","108.92M","-1.01%"
"2018年9月21日","6.95","6.89","6.95","6.78","125.93M","0.87%"
"2018年9月20日","6.89","6.93","6.97","6.85","82.53M","-0.58%"
"2018年9月19日","6.93","6.80","6.96","6.78","131.86M","1.76%"
"2018年9月18日","6.81","6.69","6.81","6.66","100.92M","1.49%"
"2018年9月17日","6.71","6.76","6.76","6.65","65.40M","-0.89%"
"2018年9月14日","6.77","6.80","6.81","6.73","71.45M","-0.88%"
"2018年9月13日","6.83","6.71","6.86","6.68","157.26M","2.71%"
"2018年9月12日","6.65","6.66","6.76","6.57","104.85M","-1.92%"
"2018年9月11日","6.78","6.72","6.81","6.66","105.38M","0.89%"
"2018年9月10日","6.72","6.68","6.76","6.67","85.01M","0.60%"
"2018年9月7日","6.68","6.68","6.77","6.65","74.47M","-0.30%"
"2018年9月6日","6.70","6.69","6.73","6.66","73.59M","0.00%"
"2018年9月5日","6.70","6.86","6.89","6.68","93.78M","-2.76%"
"2018年9月4日","6.89","6.83","6.94","6.72","108.10M","1.17%"
"2018年9月3日","6.81","6.80","6.89","6.75","71.43M","-0.44%"
"2018年8月31日","6.84","6.82","6.92","6.71","124.53M","0.59%"
"2018年8月30日","6.80","6.92","6.96","6.80","73.87M","-0.87%"
"2018年8月29日","6.86","6.85","6.97","6.83","125.62M","0.15%"
"2018年8月28日","6.85","6.80","6.98","6.79","155.14M","0.44%"
"2018年8月27日","6.82","6.69","6.83","6.68","192.26M","2.87%"
"2018年8月24日","6.63","6.56","6.65","6.54","65.25M","0.91%"
"2018年8月23日","6.57","6.56","6.63","6.51","75.99M","0.61%"
"2018年8月22日","6.53","6.51","6.61","6.49","66.78M","0.77%"
"2018年8月21日","6.48","6.48","6.53","6.45","64.88M","0.31%"
"2018年8月20日","6.46","6.33","6.47","6.32","68.33M","2.05%"
"2018年8月17日","6.33","6.45","6.46","6.31","58.04M","-0.94%"
"2018年8月16日","6.39","6.38","6.50","6.33","71.84M","-1.54%"
"2018年8月15日","6.49","6.59","6.59","6.47","89.51M","-2.11%"
"2018年8月14日","6.63","6.59","6.65","6.56","68.20M","0.45%"
"2018年8月13日","6.60","6.61","6.64","6.52","83.62M","-0.45%"
"2018年8月10日","6.63","6.66","6.71","6.58","84.78M","-1.19%"
"2018年8月9日","6.71","6.62","6.74","6.56","129.78M","-0.30%"
"2018年8月8日","6.73","6.74","6.84","6.70","115.87M","-0.88%"
"2018年8月7日","6.79","6.56","6.80","6.56","155.49M","4.30%"
"2018年8月6日","6.51","6.55","6.70","6.47","89.52M","-1.06%"
"2018年8月3日","6.58","6.54","6.67","6.52","79.16M","0.92%"
"2018年8月2日","6.52","6.64","6.64","6.44","96.03M","-1.95%"
"2018年8月1日","6.65","6.70","6.77","6.65","78.70M","-1.63%"
"2018年7月31日","6.76","6.62","6.83","6.60","110.24M","2.42%"
"2018年7月30日","6.60","6.59","6.65","6.55","61.90M","-0.30%"
"2018年7月27日","6.62","6.56","6.62","6.52","65.86M","0.91%"
"2018年7月26日","6.56","6.57","6.63","6.50","64.32M","0.31%"
"2018年7月25日","6.54","6.64","6.67","6.52","110.60M","0.31%"
"2018年7月24日","6.52","6.42","6.60","6.40","105.01M","1.40%"
"2018年7月23日","6.43","6.38","6.45","6.34","73.04M","0.63%"
"2018年7月20日","6.39","6.26","6.41","6.26","79.04M","2.24%"
"2018年7月19日","6.25","6.23","6.30","6.22","47.23M","0.64%"
"2018年7月18日","6.21","6.22","6.26","6.17","50.22M","0.16%"
"2018年7月17日","6.20","6.27","6.27","6.16","86.81M","-2.05%"
"2018年7月16日","6.33","6.34","6.37","6.25","43.54M","-0.16%"
"2018年7月13日","6.34","6.33","6.37","6.30","45.53M","-0.16%"
"2018年7月12日","6.35","6.29","6.38","6.25","118.77M","-0.47%"
"2018年7月11日","6.38","6.40","6.42","6.32","50.38M","-2.00%"
"2018年7月10日","6.51","6.44","6.54","6.37","76.46M","1.56%"
"2018年7月9日","6.41","6.28","6.42","6.27","60.42M","2.23%"
"2018年7月6日","6.27","6.20","6.30","6.16","64.52M","-0.63%"
"2018年7月5日","6.31","6.21","6.32","6.04","133.50M","1.28%"
"2018年7月4日","6.23","6.21","6.27","6.20","67.55M","-0.64%"
"2018年7月3日","6.27","6.32","6.33","6.16","101.68M","-0.63%"
"2018年7月2日","6.31","6.45","6.50","6.25","91.32M","-2.77%"
"2018年6月29日","6.49","6.48","6.52","6.36","80.43M","0.62%"
"2018年6月28日","6.45","6.33","6.52","6.33","126.97M","2.54%"
"2018年6月27日","6.29","6.15","6.35","6.15","172.58M","3.11%"
"2018年6月26日","6.10","6.19","6.21","6.05","83.61M","-1.93%"
"2018年6月25日","6.22","6.33","6.37","6.21","73.94M","-0.80%"
"2018年6月22日","6.27","6.40","6.40","6.21","98.91M","-2.18%"
"2018年6月21日","6.41","6.41","6.48","6.38","75.50M","0.16%"
"2018年6月20日","6.40","6.43","6.44","6.35","70.34M","-0.78%"
"2018年6月19日","6.45","6.43","6.55","6.31","324.90M","-0.62%"
"2018年6月15日","6.49","6.45","6.52","6.43","72.95M","0.46%"
"2018年6月14日","6.46","6.47","6.55","6.41","91.70M","-0.46%"
"2018年6月13日","6.49","6.39","6.55","6.38","91.45M","0.93%"
"2018年6月12日","6.43","6.33","6.44","6.33","95.91M","1.42%"
"2018年6月11日","6.34","6.45","6.46","6.31","99.00M","-2.46%"
"2018年6月8日","6.50","6.53","6.58","6.47","84.06M","-0.31%"
"2018年6月7日","6.52","6.51","6.54","6.46","78.64M","0.00%"
"2018年6月6日","6.52","6.55","6.56","6.46","95.43M","-0.91%"
"2018年6月5日","6.58","6.65","6.66","6.51","122.71M","-6.67%"
"2018年6月4日","7.05","6.98","7.10","6.96","121.71M","0.71%"
"2018年6月1日","7.00","7.00","7.06","6.94","90.88M","-0.71%"
"2018年5月31日","7.05","6.89","7.07","6.88","160.16M","3.22%"
"2018年5月30日","6.83","6.84","6.94","6.81","97.02M","-1.73%"
"2018年5月29日","6.95","6.94","6.99","6.91","78.47M","0.43%"
"2018年5月28日","6.92","6.83","6.93","6.74","138.92M","-0.57%"
"2018年5月25日","6.96","6.96","6.99","6.84","124.17M","-0.57%"
"2018年5月24日","7.00","6.99","7.10","6.95","105.48M","-0.14%"
"2018年5月23日","7.01","7.24","7.25","6.99","192.22M","-3.58%"
"2018年5月22日","7.27","7.27","7.32","7.22","110.53M","0.00%"
"2018年5月21日","7.27","7.36","7.45","7.21","267.90M","-2.15%"
"2018年5月18日","7.43","7.11","7.45","7.08","248.46M","4.50%"
"2018年5月17日","7.11","7.12","7.17","7.08","100.34M","0.14%"
"2018年5月16日","7.10","7.11","7.11","7.04","122.65M","-0.84%"
"2018年5月15日","7.16","7.17","7.17","7.08","100.85M","0.28%"
"2018年5月14日","7.14","7.23","7.23","7.09","163.88M","-1.52%"
"2018年5月11日","7.25","7.29","7.29","7.19","82.32M","-0.28%"
"2018年5月10日","7.27","7.27","7.32","7.20","132.18M","1.11%"
"2018年5月9日","7.19","7.13","7.27","7.12","155.98M","1.70%"
"2018年5月8日","7.07","7.17","7.23","7.04","180.74M","-1.53%"
"2018年5月7日","7.18","7.04","7.19","6.98","168.09M","2.43%"
"2018年5月4日","7.01","7.02","7.03","6.91","99.50M","0.14%"
"2018年5月3日","7.00","6.86","7.04","6.82","147.52M","1.89%"
"2018年5月2日","6.87","6.89","6.92","6.81","90.55M","-0.58%"
"2018年4月27日","6.91","6.79","6.95","6.73","155.24M","2.37%"
"2018年4月26日","6.75","6.76","6.78","6.68","106.57M","0.00%"
"2018年4月25日","6.75","6.88","6.89","6.73","149.30M","-2.74%"
"2018年4月24日","6.94","6.81","7.03","6.81","168.89M","1.61%"
"2018年4月23日","6.83","6.78","6.85","6.69","113.53M","0.00%"
"2018年4月20日","6.83","6.85","6.89","6.76","119.40M","-1.01%"
"2018年4月19日","6.90","6.96","7.00","6.84","168.50M","0.73%"
"2018年4月18日","6.85","6.69","6.86","6.66","170.52M","3.47%"
"2018年4月17日","6.62","6.67","6.71","6.58","120.37M","-1.34%"
"2018年4月16日","6.71","6.85","6.87","6.62","173.83M","-1.76%"
"2018年4月13日","6.83","6.90","6.93","6.82","103.70M","-1.59%"
"2018年4月12日","6.94","6.94","6.99","6.84","178.66M","0.73%"
"2018年4月11日","6.89","6.91","7.04","6.86","261.70M","1.77%"
"2018年4月10日","6.77","6.67","6.78","6.57","197.98M","2.73%"
"2018年4月9日","6.59","6.50","6.65","6.47","197.32M","2.49%"
"2018年4月4日","6.43","6.43","6.52","6.40","109.65M","0.78%"
"2018年4月3日","6.38","6.36","6.42","6.26","124.05M","-0.78%"
"2018年4月2日","6.43","6.48","6.55","6.41","136.57M","-0.77%"
"2018年3月30日","6.48","6.60","6.61","6.44","137.83M","-2.11%"
"2018年3月29日","6.62","6.43","6.67","6.38","190.15M","2.95%"
"2018年3月28日","6.43","6.54","6.59","6.34","196.95M","-3.16%"
"2018年3月27日","6.64","6.75","6.79","6.59","190.21M","0.00%"
"2018年3月26日","6.64","6.80","6.80","6.48","260.54M","-2.78%"
"2018年3月23日","6.83","6.61","6.87","6.55","311.38M","-0.15%"
"2018年3月22日","6.84","6.92","6.97","6.78","138.41M","-0.15%"
"2018年3月21日","6.85","6.89","6.99","6.76","249.44M","0.29%"
"2018年3月20日","6.83","6.56","6.86","6.55","272.15M","3.64%"
"2018年3月19日","6.59","6.42","6.62","6.42","160.43M","2.65%"
"2018年3月16日","6.42","6.39","6.49","6.36","120.96M","0.00%"
"2018年3月15日","6.42","6.39","6.45","6.37","78.42M","0.00%"
"2018年3月14日","6.42","6.35","6.45","6.28","151.56M","0.78%"
"2018年3月13日","6.37","6.41","6.44","6.35","111.01M","-1.24%"
"2018年3月12日","6.45","6.46","6.51","6.42","167.76M","0.94%"
"2018年3月9日","6.39","6.43","6.45","6.37","124.61M","-0.93%"
"2018年3月8日","6.45","6.41","6.47","6.35","78.70M","0.16%"
"2018年3月7日","6.44","6.44","6.50","6.40","98.57M","-0.46%"
"2018年3月6日","6.47","6.45","6.49","6.38","158.59M","1.25%"
"2018年3月5日","6.39","6.33","6.42","6.30","116.72M","0.95%"
"2018年3月2日","6.33","6.31","6.39","6.29","82.45M","-0.94%"
"2018年3月1日","6.39","6.32","6.40","6.27","138.41M","-0.31%"
"2018年2月28日","6.41","6.45","6.46","6.32","167.24M","-2.29%"
"2018年2月27日","6.56","6.65","6.66","6.50","172.07M","-1.06%"
"2018年2月26日","6.63","6.65","6.75","6.58","188.82M","0.76%"
"2018年2月23日","6.58","6.56","6.65","6.50","193.42M","1.54%"
"2018年2月22日","6.48","6.43","6.51","6.37","259.66M","2.69%"
"2018年2月14日","6.31","6.35","6.37","6.24","133.29M","-0.47%"
"2018年2月13日","6.34","6.35","6.46","6.31","243.24M","0.63%"
"2018年2月12日","6.30","6.28","6.39","6.21","248.63M","-1.25%"
"2018年2月9日","6.38","6.44","6.49","6.11","489.04M","-5.06%"
"2018年2月8日","6.72","6.92","6.93","6.58","432.52M","-6.01%"
"2018年2月7日","7.15","7.46","7.72","7.04","513.90M","-3.51%"
"2018年2月6日","7.41","7.41","7.53","7.22","479.66M","-2.88%"
"2018年2月5日","7.63","7.36","7.67","7.34","335.16M","1.19%"
"2018年2月2日","7.54","7.19","7.56","7.07","440.91M","5.31%"
"2018年2月1日","7.16","7.10","7.17","6.97","311.48M","1.13%"
"2018年1月31日","7.08","7.13","7.15","7.02","259.12M","-1.80%"
"2018年1月30日","7.21","7.33","7.42","7.18","242.38M","-3.09%"
"2018年1月29日","7.44","7.39","7.62","7.36","449.19M","0.81%"
"2018年1月26日","7.38","7.18","7.39","7.14","318.58M","1.79%"
"2018年1月25日","7.25","7.42","7.51","7.22","491.62M","-0.96%"
"2018年1月24日","7.32","7.12","7.33","7.02","693.93M","3.98%"
"2018年1月23日","7.04","6.98","7.05","6.88","614.00M","1.88%"
"2018年1月22日","6.91","7.06","7.12","6.87","396.09M","-1.85%"
"2018年1月19日","7.04","6.99","7.11","6.94","415.73M","0.57%"
"2018年1月18日","7.00","7.05","7.05","6.89","405.58M","-0.43%"
"2018年1月17日","7.03","7.05","7.25","6.96","425.63M","-1.13%"
"2018年1月16日","7.11","7.28","7.38","7.09","444.46M","-2.47%"
"2018年1月15日","7.29","7.20","7.44","7.10","331.95M","1.96%"
"2018年1月12日","7.15","7.10","7.23","6.99","193.76M","0.99%"
"2018年1月11日","7.08","7.15","7.18","7.01","163.55M","-0.98%"
"2018年1月10日","7.15","7.17","7.35","7.10","469.44M","2.14%"
"2018年1月9日","7.00","7.07","7.11","6.93","271.38M","-0.71%"
"2018年1月8日","7.05","7.02","7.14","6.98","334.92M","-0.14%"
"2018年1月5日","7.06","6.90","7.18","6.85","426.64M","2.32%"
"2018年1月4日","6.90","6.56","7.08","6.56","510.09M","6.65%"
"2018年1月3日","6.47","6.36","6.52","6.34","243.15M","1.57%"
"2018年1月2日","6.37","6.16","6.47","6.16","367.57M","3.92%"
"2017年12月29日","6.13","6.18","6.20","6.10","70.40M","-0.81%"
"2017年12月28日","6.18","6.10","6.20","6.06","135.82M","1.31%"
"2017年12月27日","6.10","6.09","6.18","6.08","148.58M","0.66%"
"2017年12月26日","6.06","6.03","6.10","6.01","90.84M","0.50%"
"2017年12月25日","6.03","6.01","6.05","5.99","90.79M","0.00%"
"2017年12月22日","6.03","5.96","6.08","5.95","94.97M","1.01%"
"2017年12月21日","5.97","5.95","5.99","5.93","56.79M","0.00%"
"2017年12月20日","5.97","5.96","5.98","5.90","95.27M","0.17%"
"2017年12月19日","5.96","5.93","5.96","5.92","54.23M","0.34%"
"2017年12月18日","5.94","5.91","5.95","5.91","51.21M","0.17%"
"2017年12月15日","5.93","5.96","5.97","5.90","78.92M","-0.50%"
"2017年12月14日","5.96","6.02","6.06","5.95","78.98M","-1.16%"
"2017年12月13日","6.03","6.03","6.05","6.00","60.37M","-0.17%"
"2017年12月12日","6.04","6.04","6.08","6.03","123.39M","0.17%"
"2017年12月11日","6.03","6.04","6.05","6.00","92.22M","0.00%"
"2017年12月8日","6.03","6.05","6.08","6.02","74.12M","-0.66%"
"2017年12月7日","6.07","6.04","6.09","6.01","94.61M","-0.33%"
"2017年12月6日","6.09","6.10","6.14","6.06","126.31M","-0.65%"
"2017年12月5日","6.13","6.01","6.19","5.97","287.49M","1.66%"
"2017年12月4日","6.03","6.01","6.07","6.01","93.56M","0.17%"
"2017年12月1日","6.02","6.03","6.05","5.96","85.09M","-0.17%"
"2017年11月30日","6.03","6.02","6.04","5.98","81.86M","-0.17%"
"2017年11月29日","6.04","6.02","6.07","6.00","125.34M","0.33%"
"2017年11月28日","6.02","6.14","6.15","6.00","161.04M","-2.59%"
"2017年11月27日","6.18","6.20","6.25","6.08","201.36M","0.00%"
"2017年11月24日","6.18","6.14","6.23","6.12","178.53M","0.16%"
"2017年11月23日","6.17","6.24","6.27","6.10","245.14M","-0.80%"
"2017年11月22日","6.22","6.00","6.23","5.98","319.45M","3.67%"
"2017年11月21日","6.00","6.00","6.03","5.91","183.52M","0.00%"
"2017年11月20日","6.00","5.97","6.04","5.94","136.79M","0.00%"
"2017年11月17日","6.00","5.92","6.02","5.89","249.23M","1.35%"
"2017年11月16日","5.92","5.94","5.98","5.89","115.88M","-0.50%"
"2017年11月15日","5.95","6.02","6.04","5.93","250.98M","-1.98%"
"2017年11月14日","6.07","6.11","6.14","6.05","111.61M","-0.82%"
"2017年11月13日","6.12","6.11","6.14","6.05","185.27M","0.49%"
"2017年11月10日","6.09","6.21","6.25","6.07","214.65M","-2.25%"
"2017年11月9日","6.23","6.21","6.24","6.16","113.28M","0.16%"
"2017年11月8日","6.22","6.27","6.28","6.17","218.24M","-1.11%"
"2017年11月7日","6.29","6.25","6.40","6.23","345.34M","1.45%"
"2017年11月6日","6.20","6.18","6.29","6.16","245.80M","0.81%"
"2017年11月3日","6.15","6.13","6.18","6.06","230.06M","0.49%"
"2017年11月2日","6.12","6.09","6.16","6.07","170.87M","0.16%"
"2017年11月1日","6.11","5.98","6.13","5.97","297.15M","2.35%"
"2017年10月31日","5.97","6.00","6.01","5.94","115.51M","-0.33%"
"2017年10月30日","5.99","5.89","6.01","5.87","246.77M","2.04%"
"2017年10月27日","5.87","5.90","5.92","5.85","69.53M","-0.34%"
"2017年10月26日","5.89","5.90","5.91","5.85","92.92M","-0.34%"
"2017年10月25日","5.91","5.93","5.94","5.88","69.36M","-0.17%"
"2017年10月24日","5.92","5.83","5.94","5.83","129.73M","1.20%"
"2017年10月23日","5.85","5.86","5.87","5.82","49.39M","-0.17%"
"2017年10月20日","5.86","5.89","5.90","5.85","49.02M","-1.01%"
"2017年10月19日","5.92","5.87","5.92","5.85","130.50M","0.34%"
"2017年10月18日","5.90","5.81","5.92","5.81","165.62M","1.37%"
"2017年10月17日","5.82","5.82","5.84","5.80","55.87M","0.17%"
"2017年10月16日","5.81","5.81","5.82","5.78","93.02M","0.00%"
"2017年10月13日","5.81","5.81","5.81","5.77","78.28M","-0.17%"
"2017年10月12日","5.82","5.86","5.86","5.80","80.40M","-0.68%"
"2017年10月11日","5.86","5.86","5.87","5.83","58.55M","0.17%"
"2017年10月10日","5.85","5.87","5.88","5.83","67.34M","-0.34%"
"2017年10月9日","5.87","5.93","5.93","5.85","72.50M","-0.51%"
"2017年9月29日","5.90","5.90","5.92","5.87","41.54M","0.00%"
"2017年9月28日","5.90","5.92","5.94","5.87","51.78M","-0.34%"
"2017年9月27日","5.92","5.95","5.96","5.91","41.49M","-0.67%"
"2017年9月26日","5.96","5.95","6.01","5.94","104.32M","0.51%"
"2017年9月25日","5.93","5.88","5.94","5.84","120.48M","0.85%"
"2017年9月22日","5.88","5.83","5.88","5.78","100.66M","0.68%"
"2017年9月21日","5.84","5.84","5.85","5.81","40.68M","0.17%"
"2017年9月20日","5.83","5.88","5.88","5.82","42.09M","-2.02%"
"2017年9月19日","5.95","5.94","5.96","5.92","51.73M","0.34%"
"2017年9月18日","5.93","5.92","5.96","5.92","62.13M","0.17%"
"2017年9月15日","5.92","5.95","5.96","5.91","72.15M","-0.50%"
"2017年9月14日","5.95","5.96","5.98","5.93","65.62M","-0.17%"
"2017年9月13日","5.96","5.96","5.97","5.93","49.24M","0.00%"
"2017年9月12日","5.96","5.98","5.99","5.94","78.99M","-0.33%"
"2017年9月11日","5.98","5.94","5.99","5.93","76.86M","0.34%"
"2017年9月8日","5.96","5.96","5.99","5.95","57.93M","0.00%"
"2017年9月7日","5.96","6.01","6.02","5.96","102.32M","-0.67%"
"2017年9月6日","6.00","5.95","6.02","5.94","125.04M","0.84%"
"2017年9月5日","5.95","5.94","5.97","5.92","99.35M","0.00%"
"2017年9月4日","5.95","6.00","6.00","5.93","135.70M","-0.67%"
"2017年9月1日","5.99","6.02","6.03","5.98","95.37M","-0.33%"
"2017年8月31日","6.01","6.07","6.08","5.99","112.97M","-0.83%"
"2017年8月30日","6.06","6.06","6.08","6.03","126.36M","0.00%"
"2017年8月29日","6.06","6.06","6.09","6.04","88.44M","-0.16%"
"2017年8月28日","6.07","6.08","6.12","6.05","199.16M","0.66%"
"2017年8月25日","6.03","5.96","6.04","5.96","144.22M","1.17%"
"2017年8月24日","5.96","5.98","6.00","5.94","81.34M","0.17%"
"2017年8月23日","5.95","6.00","6.01","5.95","76.94M","-0.67%"
"2017年8月22日","5.99","6.01","6.02","5.97","59.39M","-0.50%"
"2017年8月21日","6.02","5.96","6.03","5.96","124.42M","1.69%"
"2017年8月18日","5.92","5.91","5.95","5.89","69.88M","-0.34%"
"2017年8月17日","5.94","5.93","5.96","5.90","102.25M","0.34%"
"2017年8月16日","5.92","5.96","5.96","5.90","86.43M","-0.84%"
"2017年8月15日","5.97","5.96","6.00","5.95","70.35M","-0.17%"
"2017年8月14日","5.98","6.00","6.01","5.96","72.30M","-0.33%"
"2017年8月11日","6.00","6.02","6.04","5.95","149.07M","-1.15%"
"2017年8月10日","6.07","6.02","6.08","5.99","89.11M","0.83%"
"2017年8月9日","6.02","6.02","6.04","6.00","53.10M","-0.17%"
"2017年8月8日","6.03","6.05","6.05","6.00","85.10M","-0.17%"
"2017年8月7日","6.04","6.09","6.11","5.98","142.01M","-0.98%"
"2017年8月4日","6.10","6.08","6.12","6.05","123.21M","0.16%"
"2017年8月3日","6.09","6.12","6.15","6.07","106.08M","-0.81%"
"2017年8月2日","6.14","6.19","6.20","6.11","152.37M","-1.29%"
"2017年8月1日","6.22","6.13","6.24","6.11","175.99M","1.80%"
"2017年7月31日","6.11","6.12","6.17","6.08","120.94M","0.00%"
"2017年7月28日","6.11","6.13","6.13","6.07","68.35M","-0.49%"
"2017年7月27日","6.14","6.16","6.18","6.09","106.87M","0.00%"
"2017年7月26日","6.14","6.11","6.17","6.07","132.62M","0.99%"
"2017年7月25日","6.08","6.06","6.12","6.04","88.12M","0.16%"
"2017年7月24日","6.07","6.16","6.18","6.04","135.56M","-1.94%"
"2017年7月21日","6.19","6.19","6.24","6.16","100.27M","0.00%"
"2017年7月20日","6.19","6.12","6.20","6.10","152.53M","1.48%"
"2017年7月19日","6.10","6.14","6.17","6.07","192.10M","-2.87%"
"2017年7月18日","6.28","6.27","6.35","6.23","151.10M","-0.63%"
"2017年7月17日","6.32","6.22","6.33","6.11","203.58M","1.61%"
"2017年7月14日","6.22","6.19","6.26","6.15","126.35M","0.65%"
"2017年7月13日","6.18","6.08","6.19","6.05","110.40M","1.64%"
"2017年7月12日","6.08","6.15","6.19","6.07","75.39M","-1.14%"
"2017年7月11日","6.15","6.15","6.17","6.11","64.93M","0.16%"
"2017年7月10日","6.14","6.04","6.15","6.02","106.31M","1.66%"
"2017年7月7日","6.04","6.04","6.07","6.01","65.18M","-0.33%"
"2017年7月6日","6.06","6.03","6.06","6.01","90.37M","0.17%"
"2017年7月5日","6.05","6.04","6.07","6.01","81.24M","0.00%"
"2017年7月4日","6.05","5.94","6.06","5.93","153.21M","1.85%"
"2017年7月3日","5.94","5.94","5.95","5.91","56.76M","0.17%"
"2017年6月30日","5.93","5.89","5.95","5.87","77.85M","0.17%"
"2017年6月29日","5.92","5.91","5.93","5.88","78.46M","0.17%"
"2017年6月28日","5.91","5.89","5.96","5.87","99.42M","0.17%"
"2017年6月27日","5.90","6.00","6.00","5.88","139.36M","-1.67%"
"2017年6月26日","6.00","6.01","6.04","5.96","114.66M","-0.17%"
"2017年6月23日","6.01","5.96","6.02","5.95","89.91M","0.67%"
"2017年6月22日","5.97","5.91","6.04","5.90","133.15M","0.51%"
"2017年6月21日","5.94","5.93","5.95","5.89","78.99M","0.00%"
"2017年6月20日","5.94","5.93","5.96","5.88","82.88M","-0.17%"
"2017年6月19日","5.95","5.93","5.96","5.91","57.35M","0.34%"
"2017年6月16日","5.93","5.91","5.95","5.89","61.21M","0.17%"
"2017年6月15日","5.92","5.96","5.97","5.90","115.51M","-1.00%"
"2017年6月14日","5.98","6.05","6.06","5.96","104.89M","-1.16%"
"2017年6月13日","6.05","6.10","6.10","6.04","91.82M","-0.98%"
"2017年6月12日","6.11","6.11","6.16","6.06","94.74M","0.00%"
"2017年6月9日","6.11","6.12","6.23","6.09","129.30M","-0.49%"
"2017年6月8日","6.14","6.05","6.16","6.02","134.47M","0.82%"
"2017年6月7日","6.09","6.10","6.14","6.05","133.52M","0.00%"
"2017年6月6日","6.09","6.10","6.11","6.03","99.02M","-0.49%"
"2017年6月5日","6.12","6.20","6.23","6.08","118.73M","-2.24%"
"2017年6月2日","6.26","6.30","6.35","6.23","99.77M","-1.11%"
"2017年6月1日","6.33","6.22","6.35","6.19","218.73M","0.96%"
"2017年5月31日","6.27","6.11","6.32","6.11","196.19M","2.12%"
"2017年5月26日","6.14","6.14","6.22","6.07","168.16M","-0.32%"
"2017年5月25日","6.16","5.95","6.17","5.93","222.02M","3.01%"
"2017年5月24日","5.98","5.98","5.99","5.91","95.80M","-0.33%"
"2017年5月23日","6.00","5.94","6.02","5.89","188.15M","0.84%"
"2017年5月22日","5.95","5.88","5.95","5.84","134.55M","1.88%"
"2017年5月19日","5.84","5.81","5.90","5.80","76.36M","0.52%"
"2017年5月18日","5.81","5.77","5.82","5.76","35.44M","0.35%"
"2017年5月17日","5.79","5.85","5.88","5.77","86.43M","-1.36%"
"2017年5月16日","5.87","5.91","5.93","5.85","63.29M","-0.51%"
"2017年5月15日","5.90","5.85","5.94","5.82","108.44M","0.51%"
"2017年5月12日","5.87","5.78","5.88","5.77","102.49M","1.21%"
"2017年5月11日","5.80","5.70","5.82","5.68","130.19M","1.58%"
"2017年5月10日","5.71","5.70","5.73","5.67","56.19M","0.00%"
"2017年5月9日","5.71","5.70","5.75","5.68","44.82M","-0.17%"
"2017年5月8日","5.72","5.61","5.73","5.57","140.07M","1.42%"
"2017年5月5日","5.64","5.66","5.66","5.53","204.41M","-1.23%"
"2017年5月4日","5.71","5.72","5.72","5.66","80.05M","-0.35%"
"2017年5月3日","5.73","5.71","5.73","5.69","49.77M","0.00%"
"2017年5月2日","5.73","5.77","5.77","5.72","45.25M","-0.87%"
"2017年4月28日","5.78","5.80","5.81","5.73","62.92M","0.00%"
"2017年4月27日","5.78","5.78","5.82","5.72","60.15M","0.00%"
"2017年4月26日","5.78","5.80","5.81","5.77","44.33M","-0.17%"
"2017年4月25日","5.79","5.80","5.86","5.76","83.94M","-0.86%"
"2017年4月24日","5.84","5.77","5.84","5.72","112.19M","0.69%"
"2017年4月21日","5.80","5.74","5.81","5.67","95.24M","0.87%"
"2017年4月20日","5.75","5.72","5.76","5.66","97.09M","-0.17%"
"2017年4月19日","5.76","5.79","5.79","5.69","90.99M","-0.69%"
"2017年4月18日","5.80","5.85","5.87","5.80","62.09M","-0.85%"
"2017年4月17日","5.85","5.89","5.91","5.81","102.50M","-0.51%"
"2017年4月14日","5.88","5.90","5.90","5.85","59.00M","-0.17%"
"2017年4月13日","5.89","5.90","5.92","5.87","53.97M","-0.67%"
"2017年4月12日","5.93","5.93","5.95","5.85","96.92M","-0.17%"
"2017年4月11日","5.94","5.96","6.01","5.85","110.52M","-0.17%"
"2017年4月10日","5.95","6.00","6.02","5.93","82.14M","-0.67%"
"2017年4月7日","5.99","5.91","6.03","5.86","190.78M","1.70%"
"2017年4月6日","5.89","5.86","5.91","5.81","138.00M","0.68%"
"2017年4月5日","5.85","5.74","5.86","5.73","151.07M","1.92%"
"2017年3月31日","5.74","5.69","5.75","5.65","110.16M","1.23%"
"2017年3月30日","5.67","5.70","5.73","5.61","128.09M","-0.35%"
"2017年3月29日","5.69","5.68","5.72","5.65","101.24M","0.35%"
"2017年3月28日","5.67","5.71","5.72","5.65","87.89M","-0.70%"
"2017年3月27日","5.71","5.85","5.86","5.65","205.82M","-1.55%"
"2017年3月24日","5.80","5.70","5.83","5.68","136.58M","1.58%"
"2017年3月23日","5.71","5.74","5.77","5.66","119.37M","-0.52%"
"2017年3月22日","5.74","5.65","5.77","5.64","169.04M","1.23%"
"2017年3月21日","5.67","5.66","5.72","5.65","123.01M","-0.18%"
"2017年3月20日","5.68","5.56","5.68","5.56","174.19M","2.16%"
"2017年3月17日","5.56","5.64","5.64","5.53","91.78M","-1.42%"
"2017年3月16日","5.64","5.60","5.67","5.60","105.98M","0.89%"
"2017年3月15日","5.59","5.53","5.60","5.51","96.77M","0.72%"
"2017年3月14日","5.55","5.53","5.56","5.50","73.25M","0.36%"
"2017年3月13日","5.53","5.49","5.57","5.44","126.94M","0.36%"
"2017年3月10日","5.51","5.54","5.55","5.51","96.61M","-1.61%"
"2017年3月9日","5.60","5.60","5.62","5.48","243.22M","-0.88%"
"2017年3月8日","5.65","5.63","5.65","5.61","101.40M","0.36%"
"2017年3月7日","5.63","5.63","5.64","5.60","86.53M","-0.18%"
"2017年3月6日","5.64","5.65","5.66","5.60","98.10M","-0.35%"
"2017年3月3日","5.66","5.72","5.72","5.61","147.63M","-1.39%"
"2017年3月2日","5.74","5.77","5.78","5.73","55.57M","-0.35%"
"2017年3月1日","5.76","5.75","5.78","5.71","98.79M","0.17%"
"2017年2月28日","5.75","5.73","5.77","5.72","61.59M","0.35%"
"2017年2月27日","5.73","5.80","5.81","5.71","143.89M","-1.38%"
"2017年2月24日","5.81","5.89","5.92","5.78","143.29M","-1.19%"
"2017年2月23日","5.88","5.94","5.97","5.86","102.30M","-1.51%"
"2017年2月22日","5.97","5.91","5.98","5.89","163.36M","1.36%"
"2017年2月21日","5.89","5.89","5.91","5.84","104.52M","0.17%"
"2017年2月20日","5.88","5.80","5.88","5.78","150.80M","1.55%"
"2017年2月17日","5.79","5.81","5.86","5.78","104.12M","-0.34%"
"2017年2月16日","5.81","5.84","5.85","5.78","119.11M","-0.68%"
"2017年2月15日","5.85","5.85","5.89","5.83","126.88M","0.17%"
"2017年2月14日","5.84","5.85","5.87","5.81","89.13M","-0.51%"
"2017年2月13日","5.87","5.88","5.93","5.84","171.44M","0.00%"
"2017年2月10日","5.87","5.79","5.88","5.77","195.63M","1.03%"
"2017年2月9日","5.81","5.85","5.85","5.74","297.65M","-0.68%"
"2017年2月8日","5.85","5.83","5.88","5.79","145.17M","-0.34%"
"2017年2月7日","5.87","5.92","5.94","5.83","120.02M","-1.34%"
"2017年2月6日","5.95","5.95","5.99","5.89","91.67M","0.00%"
"2017年2月3日","5.95","6.03","6.04","5.90","59.16M","-1.33%"
"2017年1月26日","6.03","6.05","6.09","5.97","88.31M","-0.33%"
"2017年1月25日","6.05","6.04","6.08","5.98","99.04M","-0.17%"
"2017年1月24日","6.06","5.87","6.07","5.85","220.30M","3.06%"
"2017年1月23日","5.88","5.87","5.90","5.81","120.77M","0.34%"
"2017年1月20日","5.86","5.82","5.88","5.80","77.27M","0.00%"
"2017年1月19日","5.86","5.94","5.96","5.77","227.10M","-1.84%"
"2017年1月18日","5.97","6.00","6.02","5.93","105.18M","-0.17%"
"2017年1月17日","5.98","5.94","6.07","5.94","196.08M","0.34%"
"2017年1月16日","5.96","5.89","5.98","5.83","255.36M","1.19%"
"2017年1月13日","5.89","5.82","5.97","5.78","131.75M","1.03%"
"2017年1月12日","5.83","5.78","5.91","5.74","147.13M","1.04%"
"2017年1月11日","5.77","5.86","5.91","5.76","113.65M","-2.04%"
"2017年1月10日","5.89","5.80","5.91","5.74","128.58M","0.34%"
"2017年1月9日","5.87","5.87","6.03","5.83","208.41M","0.00%"
"2017年1月6日","5.87","5.78","6.01","5.74","328.61M","2.09%"
"2017年1月5日","5.75","5.55","5.81","5.54","238.70M","3.23%"
"2017年1月4日","5.57","5.48","5.59","5.46","100.78M","0.91%"
"2017年1月3日","5.52","5.42","5.52","5.40","102.82M","2.03%"
"2016年12月30日","5.41","5.41","5.45","5.38","87.95M","0.00%"
"2016年12月29日","5.41","5.51","5.54","5.40","128.26M","-2.52%"
"2016年12月28日","5.55","5.57","5.65","5.52","93.17M","-0.18%"
"2016年12月27日","5.56","5.62","5.67","5.55","97.22M","-1.77%"
"2016年12月26日","5.66","5.60","5.68","5.48","122.38M","0.35%"
"2016年12月23日","5.64","5.60","5.72","5.58","175.25M","0.00%"
"2016年12月22日","5.64","5.52","5.73","5.52","225.87M","1.44%"
"2016年12月21日","5.56","5.46","5.69","5.41","230.10M","1.65%"
"2016年12月20日","5.47","5.50","5.53","5.35","134.47M","-0.73%"
"2016年12月19日","5.51","5.50","5.61","5.46","109.71M","0.00%"
"2016年12月16日","5.51","5.40","5.53","5.29","145.16M","1.10%"
"2016年12月15日","5.45","5.53","5.54","5.39","210.23M","-3.20%"
"2016年12月14日","5.63","5.53","5.73","5.51","273.58M","2.18%"
"2016年12月13日","5.51","5.48","5.58","5.47","174.32M","0.92%"
"2016年12月12日","5.46","5.56","5.62","5.43","254.16M","0.74%"
"2016年12月9日","5.42","5.29","5.44","5.28","181.46M","2.26%"
"2016年12月8日","5.30","5.31","5.33","5.25","96.12M","-0.19%"
"2016年12月7日","5.31","5.28","5.33","5.24","124.46M","0.19%"
"2016年12月6日","5.30","5.31","5.46","5.29","164.27M","-1.30%"
"2016年12月5日","5.37","5.41","5.48","5.28","271.75M","-2.36%"
"2016年12月2日","5.50","5.29","5.69","5.25","474.03M","4.36%"
"2016年12月1日","5.27","5.26","5.36","5.22","298.73M","2.93%"
"2016年11月30日","5.12","5.20","5.21","5.11","118.05M","-2.10%"
"2016年11月29日","5.23","5.14","5.26","5.11","241.98M","1.95%"
"2016年11月28日","5.13","5.10","5.16","5.08","152.27M","0.59%"
"2016年11月25日","5.10","5.08","5.11","5.03","95.07M","0.79%"
"2016年11月24日","5.06","5.08","5.09","5.05","73.74M","-0.39%"
"2016年11月23日","5.08","5.08","5.16","5.06","134.84M","-0.20%"
"2016年11月22日","5.09","5.07","5.11","5.03","181.36M","1.39%"
"2016年11月21日","5.02","4.96","5.03","4.94","115.68M","1.41%"
"2016年11月18日","4.95","4.98","4.99","4.95","48.82M","-0.60%"
"2016年11月17日","4.98","4.97","4.99","4.95","48.36M","-0.20%"
"2016年11月16日","4.99","5.00","5.01","4.97","53.23M","0.00%"
"2016年11月15日","4.99","5.01","5.02","4.97","58.81M","-0.60%"
"2016年11月14日","5.02","5.01","5.02","4.97","112.65M","0.00%"
"2016年11月11日","5.02","4.98","5.04","4.95","103.27M","0.80%"
"2016年11月10日","4.98","4.95","5.00","4.95","86.83M","0.81%"
"2016年11月9日","4.94","4.97","4.98","4.86","110.09M","-0.60%"
"2016年11月8日","4.97","4.96","4.99","4.95","54.03M","0.20%"
"2016年11月7日","4.96","4.93","4.97","4.92","50.48M","0.61%"
"2016年11月4日","4.93","4.95","4.98","4.92","51.01M","-0.40%"
"2016年11月3日","4.95","4.94","4.97","4.90","50.99M","0.00%"
"2016年11月2日","4.95","4.98","4.99","4.95","48.93M","-1.00%"
"2016年11月1日","5.00","4.98","5.02","4.97","56.31M","0.00%"
"2016年10月31日","5.00","4.99","5.01","4.96","45.62M","-0.20%"
"2016年10月28日","5.01","4.98","5.02","4.96","72.44M","0.80%"
"2016年10月27日","4.97","4.98","4.99","4.95","45.39M","-0.40%"
"2016年10月26日","4.99","5.01","5.02","4.97","47.24M","-0.60%"
"2016年10月25日","5.02","5.08","5.10","4.98","138.51M","-1.18%"
"2016年10月24日","5.08","5.00","5.14","4.99","185.01M","1.60%"
"2016年10月21日","5.00","4.98","5.02","4.97","61.57M","0.20%"
"2016年10月20日","4.99","4.98","5.01","4.98","70.91M","0.20%"
"2016年10月19日","4.98","4.96","4.99","4.94","87.49M","0.61%"
"2016年10月18日","4.95","4.92","4.96","4.90","67.27M","0.61%"
"2016年10月17日","4.92","4.93","4.95","4.91","60.47M","-0.40%"
"2016年10月14日","4.94","4.88","4.94","4.88","49.96M","1.02%"
"2016年10月13日","4.89","4.93","4.94","4.88","48.57M","-0.81%"
"2016年10月12日","4.93","4.95","4.95","4.92","42.50M","-0.60%"
"2016年10月11日","4.96","4.96","4.99","4.94","78.43M","0.20%"
"2016年10月10日","4.95","4.93","4.97","4.92","100.23M","2.06%"
"2016年9月30日","4.85","4.83","4.86","4.82","28.08M","0.21%"
"2016年9月29日","4.84","4.81","4.86","4.80","61.16M","1.68%"
"2016年9月28日","4.76","4.80","4.80","4.76","35.21M","-0.63%"
"2016年9月27日","4.79","4.79","4.82","4.77","36.56M","0.00%"
"2016年9月26日","4.79","4.84","4.85","4.78","39.78M","-1.24%"
"2016年9月23日","4.85","4.85","4.87","4.84","33.81M","0.41%"
"2016年9月22日","4.83","4.79","4.86","4.78","61.75M","1.26%"
"2016年9月21日","4.77","4.78","4.79","4.74","36.17M","-1.65%"
"2016年9月20日","4.85","4.86","4.87","4.83","38.81M","-0.21%"
"2016年9月19日","4.86","4.82","4.87","4.82","50.46M","-0.21%"
"2016年9月14日","4.87","4.89","4.90","4.84","60.37M","-0.61%"
"2016年9月13日","4.90","4.92","4.93","4.88","41.25M","-0.61%"
"2016年9月12日","4.93","4.93","4.96","4.85","125.84M","-1.00%"
"2016年9月9日","4.98","5.00","5.01","4.97","51.57M","-0.20%"
"2016年9月8日","4.99","5.00","5.00","4.97","31.86M","0.00%"
"2016年9月7日","4.99","4.99","5.01","4.98","50.46M","-0.20%"
"2016年9月6日","5.00","4.97","5.01","4.97","62.68M","0.20%"
"2016年9月5日","4.99","4.97","5.00","4.95","71.77M","0.20%"
"2016年9月2日","4.98","4.96","4.98","4.94","50.99M","0.00%"
"2016年9月1日","4.98","4.99","5.00","4.96","42.14M","-0.60%"
"2016年8月31日","5.01","4.99","5.01","4.98","75.04M","0.20%"
"2016年8月30日","5.00","4.95","5.02","4.93","79.31M","1.01%"
"2016年8月29日","4.95","4.94","4.95","4.92","40.10M","-0.20%"
"2016年8月26日","4.96","4.95","4.96","4.93","38.56M","0.40%"
"2016年8月25日","4.94","4.95","4.96","4.91","55.41M","-0.40%"
"2016年8月24日","4.96","4.95","4.97","4.93","47.74M","0.20%"
"2016年8月23日","4.95","4.94","4.96","4.93","50.99M","0.41%"
"2016年8月22日","4.93","4.98","4.98","4.92","52.51M","-1.00%"
"2016年8月19日","4.98","4.99","5.01","4.96","64.73M","0.00%"
"2016年8月18日","4.98","5.00","5.02","4.96","46.54M","-0.60%"
"2016年8月17日","5.01","5.02","5.05","4.98","71.85M","0.00%"
"2016年8月16日","5.01","5.01","5.05","4.99","114.14M","0.20%"
"2016年8月15日","5.00","4.92","5.03","4.91","161.62M","1.63%"
"2016年8月12日","4.92","4.86","4.92","4.85","91.36M","1.44%"
"2016年8月11日","4.85","4.87","4.90","4.84","51.01M","-0.41%"
"2016年8月10日","4.87","4.87","4.89","4.86","38.66M","-0.20%"
"2016年8月9日","4.88","4.82","4.90","4.80","78.68M","1.04%"
"2016年8月8日","4.83","4.82","4.83","4.78","31.12M","0.42%"
"2016年8月5日","4.81","4.79","4.82","4.77","38.31M","0.42%"
"2016年8月4日","4.79","4.79","4.80","4.76","30.82M","0.21%"
"2016年8月3日","4.78","4.77","4.79","4.74","38.68M","-0.21%"
"2016年8月2日","4.79","4.77","4.79","4.76","30.24M","0.00%"
"2016年8月1日","4.79","4.79","4.80","4.76","49.51M","0.21%"
"2016年7月29日","4.78","4.80","4.82","4.78","46.19M","-0.62%"
"2016年7月28日","4.81","4.82","4.83","4.80","61.60M","-0.82%"
"2016年7月27日","4.85","4.84","4.87","4.77","115.21M","0.00%"
"2016年7月26日","4.85","4.80","4.85","4.80","44.15M","0.62%"
"2016年7月25日","4.82","4.81","4.82","4.79","36.92M","0.42%"
"2016年7月22日","4.80","4.84","4.84","4.79","52.55M","-0.83%"
"2016年7月21日","4.84","4.83","4.87","4.82","54.24M","0.21%"
"2016年7月20日","4.83","4.84","4.85","4.82","28.71M","0.00%"
"2016年7月19日","4.83","4.84","4.85","4.80","57.36M","-0.41%"
"2016年7月18日","4.85","4.87","4.90","4.83","85.93M","-0.61%"
"2016年7月15日","4.88","4.88","4.90","4.86","57.05M","0.21%"
"2016年7月14日","4.87","4.87","4.89","4.84","62.16M","-0.20%"
"2016年7月13日","4.88","4.87","4.91","4.86","99.07M","0.41%"
"2016年7月12日","4.86","4.79","4.87","4.79","122.41M","1.67%"
"2016年7月11日","4.78","4.75","4.82","4.75","87.76M","0.84%"
"2016年7月8日","4.74","4.78","4.78","4.73","55.87M","-1.25%"
"2016年7月7日","4.80","4.78","4.81","4.77","67.93M","0.21%"
"2016年7月6日","4.79","4.79","4.79","4.74","71.97M","-0.42%"
"2016年7月5日","4.81","4.77","4.82","4.74","92.49M","1.26%"
"2016年7月4日","4.75","4.70","4.77","4.70","90.97M","1.06%"
"2016年7月1日","4.70","4.71","4.73","4.69","35.27M","-0.42%"
"2016年6月30日","4.72","4.71","4.73","4.68","61.96M","0.85%"
"2016年6月29日","4.68","4.63","4.70","4.62","84.09M","1.08%"
"2016年6月28日","4.63","4.60","4.63","4.58","33.70M","0.00%"
"2016年6月27日","4.63","4.60","4.63","4.58","52.25M","0.65%"
"2016年6月24日","4.60","4.65","4.68","4.53","81.60M","-2.13%"
"2016年6月23日","4.70","4.72","4.73","4.69","44.95M","-0.63%"
"2016年6月22日","4.73","4.69","4.74","4.69","46.14M","0.85%"
"2016年6月21日","4.69","4.71","4.75","4.69","55.29M","-0.21%"
"2016年6月20日","4.70","4.71","4.72","4.67","41.70M","0.00%"
"2016年6月17日","4.70","4.69","4.72","4.68","43.79M","0.43%"
"2016年6月16日","4.68","4.71","4.73","4.67","61.65M","-1.27%"
"2016年6月15日","4.74","4.67","4.75","4.66","82.49M","0.42%"
"2016年6月14日","4.72","4.71","4.74","4.70","47.58M","0.00%"
"2016年6月13日","4.72","4.81","4.81","4.70","72.02M","-2.88%"
"2016年6月8日","4.86","4.81","4.87","4.80","109.35M","1.25%"
"2016年6月7日","4.80","4.80","4.82","4.78","46.15M","0.21%"
"2016年6月6日","4.79","4.81","4.82","4.78","42.03M","-0.42%"
"2016年6月3日","4.81","4.82","4.83","4.79","78.45M","-0.21%"
"2016年6月2日","4.82","4.82","4.83","4.78","50.54M","-0.21%"
"2016年6月1日","4.83","4.83","4.84","4.80","64.48M","0.00%"
"2016年5月31日","4.83","4.74","4.84","4.73","130.44M","1.68%"
"2016年5月30日","4.75","4.73","4.77","4.72","56.73M","0.21%"
"2016年5月27日","4.74","4.74","4.75","4.71","35.84M","-0.42%"
"2016年5月26日","4.76","4.71","4.77","4.71","58.18M","1.06%"
"2016年5月25日","4.71","4.68","4.72","4.68","61.23M","0.86%"
"2016年5月24日","4.67","4.68","4.69","4.61","48.99M","-0.64%"
"2016年5月23日","4.70","4.69","4.72","4.67","37.04M","0.21%"
"2016年5月20日","4.69","4.66","4.70","4.65","26.55M","0.21%"
"2016年5月19日","4.68","4.69","4.71","4.65","46.20M","-0.64%"
"2016年5月18日","4.71","4.74","4.77","4.65","93.60M","-0.84%"
"2016年5月17日","4.75","4.69","4.77","4.68","101.55M","1.71%"
"2016年5月16日","4.67","4.61","4.68","4.61","57.46M","0.65%"
"2016年5月13日","4.64","4.62","4.69","4.60","84.95M","0.43%"
"2016年5月12日","4.62","4.63","4.64","4.58","65.71M","-0.43%"
"2016年5月11日","4.64","4.66","4.69","4.62","55.99M","-0.22%"
"2016年5月10日","4.65","4.61","4.67","4.61","79.34M","0.22%"
"2016年5月9日","4.64","4.71","4.72","4.57","141.67M","-1.49%"
"2016年5月6日","4.71","4.80","4.81","4.71","104.04M","-1.88%"
"2016年5月5日","4.80","4.82","4.82","4.77","105.96M","-0.41%"
"2016年5月4日","4.82","4.81","4.84","4.80","104.33M","-0.62%"
"2016年5月3日","4.85","4.85","4.94","4.79","251.73M","-0.61%"
"2016年4月29日","4.88","4.93","4.95","4.85","102.57M","-1.21%"
"2016年4月28日","4.94","4.96","4.98","4.90","68.81M","0.20%"
"2016年4月27日","4.93","4.93","4.96","4.91","89.22M","0.61%"
"2016年4月26日","4.90","4.87","4.90","4.85","37.62M","0.41%"
"2016年4月25日","4.88","4.88","4.88","4.82","50.78M","-0.41%"
"2016年4月22日","4.90","4.86","4.90","4.82","87.41M","0.00%"
"2016年4月21日","4.90","4.81","4.96","4.79","175.34M","2.30%"
"2016年4月20日","4.79","4.90","4.92","4.71","210.87M","-1.64%"
"2016年4月19日","4.87","4.89","4.91","4.85","59.32M","0.21%"
"2016年4月18日","4.86","4.94","4.94","4.83","160.86M","-3.19%"
"2016年4月15日","5.02","5.04","5.07","4.98","81.79M","-0.59%"
"2016年4月14日","5.05","5.08","5.13","5.02","104.16M","-0.39%"
"2016年4月13日","5.07","5.02","5.14","4.96","255.35M","2.42%"
"2016年4月12日","4.95","4.93","5.03","4.91","128.57M","0.20%"
"2016年4月11日","4.94","4.92","5.07","4.91","186.33M","1.44%"
"2016年4月8日","4.87","4.92","4.98","4.82","146.18M","-1.62%"
"2016年4月7日","4.95","4.99","5.06","4.91","204.97M","-0.60%"
"2016年4月6日","4.98","4.86","5.09","4.85","339.84M","1.84%"
"2016年4月5日","4.89","4.85","4.95","4.82","230.36M","-0.20%"
"2016年4月1日","4.90","4.75","4.94","4.74","319.89M","2.73%"
"2016年3月31日","4.77","4.74","4.82","4.70","231.98M","0.85%"
"2016年3月30日","4.73","4.58","4.85","4.58","425.94M","4.19%"
"2016年3月29日","4.54","4.55","4.57","4.51","83.64M","0.00%"
"2016年3月28日","4.54","4.55","4.59","4.53","96.94M","-0.22%"
"2016年3月25日","4.55","4.54","4.56","4.50","86.11M","0.22%"
"2016年3月24日","4.54","4.63","4.64","4.53","149.10M","-2.58%"
"2016年3月23日","4.66","4.68","4.68","4.64","71.42M","-0.21%"
"2016年3月22日","4.67","4.68","4.70","4.65","117.04M","-0.64%"
"2016年3月21日","4.70","4.69","4.72","4.66","292.92M","0.21%"
"2016年3月18日","4.69","4.71","4.73","4.66","182.96M","0.21%"
"2016年3月17日","4.68","4.69","4.72","4.62","87.62M","0.00%"
"2016年3月16日","4.68","4.58","4.68","4.58","220.54M","1.96%"
"2016年3月15日","4.59","4.60","4.61","4.55","60.17M","-0.43%"
"2016年3月14日","4.61","4.59","4.68","4.58","105.47M","0.88%"
"2016年3月11日","4.57","4.51","4.59","4.50","83.89M","0.66%"
"2016年3月10日","4.54","4.59","4.63","4.53","92.99M","-2.16%"
"2016年3月9日","4.64","4.61","4.66","4.49","201.32M","-1.49%"
"2016年3月8日","4.71","4.75","4.76","4.62","121.04M","0.21%"
"2016年3月7日","4.70","4.69","4.78","4.64","142.69M","0.43%"
"2016年3月4日","4.68","4.53","4.72","4.52","354.49M","2.86%"
"2016年3月3日","4.55","4.55","4.56","4.48","155.89M","0.00%"
"2016年3月2日","4.55","4.44","4.56","4.42","225.53M","3.17%"
"2016年3月1日","4.41","4.35","4.43","4.32","93.59M","1.61%"
"2016年2月29日","4.34","4.34","4.37","4.25","157.13M","-0.46%"
"2016年2月26日","4.36","4.33","4.38","4.30","95.33M","1.63%"
"2016年2月25日","4.29","4.48","4.49","4.27","133.30M","-4.67%"
"2016年2月24日","4.50","4.45","4.51","4.42","76.35M","0.45%"
"2016年2月23日","4.48","4.50","4.53","4.44","114.40M","-0.22%"
"2016年2月22日","4.49","4.42","4.50","4.41","132.93M","2.05%"
"2016年2月19日","4.40","4.42","4.45","4.38","72.90M","-0.68%"
"2016年2月18日","4.43","4.48","4.50","4.42","118.01M","-0.67%"
"2016年2月17日","4.46","4.38","4.47","4.37","127.06M","1.13%"
"2016年2月16日","4.41","4.32","4.44","4.32","128.72M","2.56%"
"2016年2月15日","4.30","4.24","4.33","4.22","65.47M","-0.92%"
"2016年2月5日","4.34","4.33","4.40","4.30","71.35M","0.46%"
"2016年2月4日","4.32","4.30","4.34","4.29","77.37M","1.17%"
"2016年2月3日","4.27","4.28","4.29","4.23","66.87M","-1.61%"
"2016年2月2日","4.34","4.27","4.35","4.26","75.79M","0.93%"
"2016年2月1日","4.30","4.38","4.38","4.28","90.84M","-1.83%"
"2016年1月29日","4.38","4.33","4.44","4.29","141.99M","0.92%"
"2016年1月28日","4.34","4.31","4.48","4.29","171.83M","-0.46%"
"2016年1月27日","4.36","4.31","4.42","4.15","169.75M","1.87%"
"2016年1月26日","4.28","4.46","4.47","4.25","128.35M","-5.10%"
"2016年1月25日","4.51","4.52","4.54","4.48","99.56M","0.89%"
"2016年1月22日","4.47","4.46","4.51","4.40","104.40M","1.36%"
"2016年1月21日","4.41","4.44","4.53","4.40","112.21M","-2.00%"
"2016年1月20日","4.50","4.52","4.56","4.43","119.66M","-1.10%"
"2016年1月19日","4.55","4.45","4.57","4.42","92.55M","2.71%"
"2016年1月18日","4.43","4.39","4.48","4.36","82.84M","-0.89%"
"2016年1月15日","4.47","4.61","4.63","4.45","164.62M","-3.66%"
"2016年1月14日","4.64","4.60","4.66","4.53","146.03M","0.00%"
"2016年1月13日","4.64","4.70","4.74","4.63","126.92M","-0.64%"
"2016年1月12日","4.67","4.65","4.74","4.61","131.75M","0.21%"
"2016年1月11日","4.66","4.72","4.79","4.64","188.14M","-2.10%"
"2016年1月8日","4.76","4.75","4.83","4.65","222.21M","3.48%"
"2016年1月7日","4.60","4.83","4.84","4.59","55.15M","-6.12%"
"2016年1月6日","4.90","4.75","4.93","4.72","232.90M","3.38%"
"2016年1月5日","4.74","4.74","4.83","4.70","225.24M","-0.42%"
"2016年1月4日","4.76","4.97","5.00","4.75","147.08M","-4.03%"
"2015年12月31日","4.96","4.97","5.00","4.95","96.77M","-0.20%"
"2015年12月30日","4.97","4.97","5.00","4.93","111.24M","0.20%"
"2015年12月29日","4.96","4.92","4.96","4.90","85.29M","0.61%"
"2015年12月28日","4.93","5.03","5.05","4.92","156.70M","-1.99%"
"2015年12月25日","5.03","5.05","5.06","5.00","104.95M","-0.20%"
"2015年12月24日","5.04","5.09","5.10","5.02","149.01M","-0.40%"
"2015年12月23日","5.06","5.05","5.10","5.02","213.53M","0.20%"
"2015年12月22日","5.05","5.06","5.07","5.01","126.47M","0.00%"
"2015年12月21日","5.05","4.98","5.07","4.94","183.15M","0.80%"
"2015年12月18日","5.01","5.01","5.08","4.99","121.64M","-0.20%"
"2015年12月17日","5.02","4.99","5.05","4.97","163.43M","0.40%"
"2015年12月16日","5.00","4.96","5.05","4.95","232.79M","2.25%"
"2015年12月15日","4.89","4.90","4.94","4.86","109.99M","-0.41%"
"2015年12月14日","4.91","4.80","4.91","4.77","113.09M","1.66%"
"2015年12月11日","4.83","4.87","4.88","4.78","135.09M","-1.23%"
"2015年12月10日","4.89","4.90","4.93","4.87","83.54M","-0.20%"
"2015年12月9日","4.90","4.90","4.94","4.86","79.51M","-0.20%"
"2015年12月8日","4.91","4.93","4.96","4.90","125.21M","-2.19%"
"2015年12月7日","5.02","5.02","5.05","4.98","92.50M","-0.20%"
"2015年12月4日","5.03","5.09","5.12","5.01","178.16M","-2.14%"
"2015年12月3日","5.14","5.05","5.23","5.01","231.74M","0.78%"
"2015年12月2日","5.10","4.93","5.10","4.89","219.09M","3.66%"
"2015年12月1日","4.92","4.91","4.94","4.85","110.85M","0.00%"
"2015年11月30日","4.92","4.91","4.96","4.82","160.31M","0.41%"
"2015年11月27日","4.90","5.14","5.15","4.88","258.37M","-5.04%"
"2015年11月26日","5.16","5.15","5.21","5.13","191.26M","0.58%"
"2015年11月25日","5.13","5.15","5.15","5.10","130.98M","0.00%"
"2015年11月24日","5.13","5.11","5.13","5.08","96.78M","0.20%"
"2015年11月23日","5.12","5.16","5.17","5.11","143.49M","-0.78%"
"2015年11月20日","5.16","5.19","5.20","5.15","157.37M","-0.58%"
"2015年11月19日","5.19","5.18","5.21","5.14","156.82M","0.39%"
"2015年11月18日","5.17","5.17","5.26","5.15","168.44M","-0.58%"
"2015年11月17日","5.20","5.19","5.35","5.18","268.89M","0.19%"
"2015年11月16日","5.19","5.09","5.20","5.08","135.71M","0.39%"
"2015年11月13日","5.17","5.22","5.25","5.16","187.79M","-2.08%"
"2015年11月12日","5.28","5.35","5.35","5.23","168.82M","-1.31%"
"2015年11月11日","5.35","5.38","5.42","5.30","200.22M","-0.74%"
"2015年11月10日","5.39","5.31","5.46","5.29","354.43M","0.75%"
"2015年11月9日","5.35","5.23","5.42","5.22","385.41M","1.71%"
"2015年11月6日","5.26","5.20","5.28","5.16","317.21M","0.77%"
"2015年11月5日","5.22","5.05","5.39","5.05","598.19M","2.55%"
"2015年11月4日","5.09","4.94","5.10","4.92","309.39M","3.46%"
"2015年11月3日","4.92","4.96","4.97","4.90","96.52M","-0.40%"
"2015年11月2日","4.94","5.00","5.01","4.93","143.34M","-1.59%"
"2015年10月30日","5.02","5.03","5.08","4.99","188.54M","-1.18%"
"2015年10月29日","5.08","5.09","5.09","5.05","113.61M","0.59%"
"2015年10月28日","5.05","5.08","5.14","5.05","173.64M","-0.79%"
"2015年10月27日","5.09","5.11","5.13","5.03","140.37M","-0.97%"
"2015年10月26日","5.14","5.16","5.18","5.12","180.49M","0.19%"
"2015年10月23日","5.13","5.11","5.14","5.09","157.45M","0.59%"
"2015年10月22日","5.10","5.09","5.11","5.05","144.95M","0.00%"
"2015年10月21日","5.10","5.16","5.23","5.00","389.25M","-1.16%"
"2015年10月20日","5.16","5.13","5.18","5.10","156.38M","0.00%"
"2015年10月19日","5.16","5.21","5.24","5.13","186.53M","-0.77%"
"2015年10月16日","5.20","5.17","5.23","5.12","277.66M","1.17%"
"2015年10月15日","5.14","5.05","5.15","5.04","187.19M","1.58%"
"2015年10月14日","5.06","5.07","5.11","5.03","157.39M","-0.59%"
"2015年10月13日","5.09","5.10","5.13","5.07","145.79M","-0.97%"
"2015年10月12日","5.14","5.03","5.20","5.00","278.29M","2.19%"
"2015年10月9日","5.03","4.93","5.04","4.90","247.91M","2.86%"
"2015年10月8日","4.89","4.99","4.99","4.89","208.12M","3.16%"
"2015年9月30日","4.74","4.74","4.77","4.71","78.97M","0.21%"
"2015年9月29日","4.73","4.76","4.78","4.70","117.88M","-1.87%"
"2015年9月28日","4.82","4.83","4.85","4.75","92.68M","-1.03%"
"2015年9月25日","4.87","4.85","4.91","4.81","156.78M","0.00%"
"2015年9月24日","4.87","4.87","4.89","4.83","88.85M","0.21%"
"2015年9月23日","4.86","4.91","4.94","4.85","125.36M","-3.57%"
"2015年9月22日","5.04","5.01","5.07","4.99","160.50M","1.00%"
"2015年9月21日","4.99","4.92","5.00","4.90","126.13M","0.81%"
"2015年9月18日","4.95","4.97","4.99","4.92","119.96M","0.00%"
"2015年9月17日","4.95","4.99","5.09","4.94","271.94M","-1.00%"
"2015年9月16日","5.00","4.86","5.05","4.78","267.91M","3.31%"
"2015年9月15日","4.84","4.82","4.98","4.79","237.37M","-0.41%"
"2015年9月14日","4.86","5.05","5.06","4.81","225.70M","-3.38%"
"2015年9月11日","5.03","5.06","5.09","5.00","114.06M","-0.40%"
"2015年9月10日","5.05","5.07","5.10","5.02","211.32M","-1.94%"
"2015年9月9日","5.15","5.06","5.22","5.02","383.90M","1.98%"
"2015年9月8日","5.05","4.90","5.05","4.85","228.89M","2.85%"
"2015年9月7日","4.91","4.95","5.08","4.90","299.82M","0.20%"
"2015年9月2日","4.90","4.90","5.03","4.80","354.65M","-3.54%"
"2015年9月1日","5.08","5.05","5.15","4.99","426.94M","2.63%"
"2015年8月31日","4.95","5.00","5.00","4.85","264.98M","-1.59%"
"2015年8月28日","5.03","4.91","5.05","4.88","396.08M","5.89%"
"2015年8月27日","4.75","4.63","4.77","4.56","300.11M","3.94%"
"2015年8月26日","4.57","4.58","4.70","4.37","414.96M","1.56%"
"2015年8月25日","4.50","4.81","4.96","4.49","482.49M","-10.00%"
"2015年8月24日","5.00","5.39","5.55","4.93","559.80M","-8.93%"
"2015年8月21日","5.49","5.55","5.68","5.45","266.37M","-1.79%"
"2015年8月20日","5.59","5.71","5.74","5.59","252.75M","-3.29%"
"2015年8月19日","5.78","5.73","5.81","5.56","357.38M","-0.86%"
"2015年8月18日","5.83","6.03","6.13","5.82","464.39M","-3.32%"
"2015年8月17日","6.03","6.06","6.06","5.98","219.73M","-0.66%"
"2015年8月14日","6.07","6.06","6.14","6.05","249.34M","-0.16%"
"2015年8月13日","6.08","6.04","6.09","5.95","213.96M","0.66%"
"2015年8月12日","6.04","6.03","6.12","6.02","218.50M","-1.31%"
"2015年8月11日","6.12","6.10","6.21","6.03","373.68M","0.16%"
"2015年8月10日","6.11","5.87","6.14","5.86","429.26M","4.44%"
"2015年8月7日","5.85","5.79","5.88","5.78","188.67M","1.74%"
"2015年8月6日","5.75","5.75","5.82","5.72","153.67M","-1.03%"
"2015年8月5日","5.81","5.90","5.93","5.78","219.00M","-2.02%"
"2015年8月4日","5.93","5.80","5.94","5.75","296.69M","2.60%"
"2015年8月3日","5.78","5.95","5.95","5.66","406.63M","-3.67%"
"2015年7月31日","6.00","6.12","6.16","5.91","272.60M","-2.60%"
"2015年7月30日","6.16","6.21","6.31","6.15","293.80M","-1.28%"
"2015年7月29日","6.24","6.13","6.26","6.06","320.09M","1.46%"
"2015年7月28日","6.15","6.08","6.46","6.01","528.12M","-2.38%"
"2015年7月27日","6.30","6.90","6.97","6.29","604.79M","-10.00%"
"2015年7月24日","7.00","7.01","7.13","6.98","486.69M","-0.28%"
"2015年7月23日","7.02","6.98","7.04","6.96","373.85M","0.43%"
"2015年7月22日","6.99","7.00","7.08","6.97","416.56M","-0.57%"
"2015年7月21日","7.03","7.06","7.11","6.99","483.91M","-1.68%"
"2015年7月20日","7.15","7.03","7.26","6.99","710.11M","0.85%"
"2015年7月17日","7.09","7.01","7.17","6.98","568.72M","-0.14%"
"2015年7月16日","7.10","7.31","7.35","6.90","823.06M","-2.87%"
"2015年7月15日","7.31","6.92","7.37","6.88","1.19B","4.58%"
"2015年7月14日","6.99","7.09","7.16","6.85","616.08M","-2.78%"
"2015年7月13日","7.19","7.21","7.37","7.03","878.00M","-2.18%"
"2015年7月10日","7.35","6.95","7.70","6.81","1.39B","2.94%"
"2015年7月9日","7.14","6.40","7.27","6.05","1.35B","6.25%"
"2015年7月8日","6.72","6.72","7.35","6.72","1.28B","-10.04%"
"2015年7月7日","7.47","7.20","7.88","7.10","1.42B","1.63%"
"2015年7月6日","7.35","7.15","7.40","6.90","1.65B","8.89%"
"2015年7月3日","6.75","6.94","7.23","6.64","802.83M","-5.99%"
"2015年7月2日","7.18","6.82","7.29","6.36","1.12B","6.21%"
"2015年7月1日","6.76","7.00","7.07","6.75","472.49M","-4.38%"
"2015年6月30日","7.07","6.70","7.07","6.56","666.69M","4.43%"
"2015年6月29日","6.77","6.79","6.98","6.21","739.88M","1.80%"
"2015年6月26日","6.65","6.90","7.13","6.36","674.37M","-5.27%"
"2015年6月25日","7.02","7.24","7.30","6.99","542.53M","-3.70%"
"2015年6月24日","7.29","7.05","7.34","7.00","651.39M","3.85%"
"2015年6月23日","7.02","6.84","7.06","6.55","472.91M","2.48%"
"2015年6月19日","6.85","7.14","7.25","6.80","530.45M","-6.29%"
"2015年6月18日","7.31","7.55","7.63","7.30","443.92M","-3.94%"
"2015年6月17日","7.61","7.49","7.63","7.37","431.08M","2.42%"
"2015年6月16日","7.43","7.61","7.67","7.36","553.31M","-3.63%"
"2015年6月15日","7.71","7.92","7.99","7.70","651.05M","-2.53%"
"2015年6月12日","7.91","7.88","7.94","7.81","594.16M","0.76%"
"2015年6月11日","7.85","7.95","7.95","7.77","542.89M","-1.13%"
"2015年6月10日","7.94","7.96","8.00","7.88","625.09M","-1.12%"
"2015年6月9日","8.03","8.10","8.12","7.90","981.79M","-1.83%"
"2015年6月8日","8.18","7.80","8.22","7.72","1.30B","5.28%"
"2015年6月5日","7.77","7.70","7.80","7.58","945.23M","1.83%"
"2015年6月4日","7.63","7.47","7.64","7.20","731.82M","2.14%"
"2015年6月3日","7.47","7.50","7.63","7.39","523.18M","-0.27%"
"2015年6月2日","7.49","7.48","7.52","7.34","585.03M","-0.13%"
"2015年6月1日","7.50","7.21","7.51","7.16","569.08M","4.02%"
"2015年5月29日","7.21","7.31","7.40","7.08","664.31M","-2.17%"
"2015年5月28日","7.37","8.06","8.06","7.29","1.09B","-9.01%"
"2015年5月27日","8.10","7.94","8.16","7.91","859.66M","2.14%"
"2015年5月26日","7.93","7.95","7.98","7.74","764.23M","0.51%"
"2015年5月25日","7.89","7.64","7.93","7.59","840.87M","3.27%"
"2015年5月22日","7.64","7.39","7.66","7.36","793.64M","4.23%"
"2015年5月21日","7.33","7.32","7.34","7.17","433.78M","0.27%"
"2015年5月20日","7.31","7.35","7.45","7.29","529.58M","-0.54%"
"2015年5月19日","7.35","7.09","7.36","7.08","518.64M","3.38%"
"2015年5月18日","7.11","7.22","7.24","7.08","445.26M","-2.74%"
"2015年5月15日","7.31","7.52","7.56","7.27","530.66M","-4.07%"
"2015年5月14日","7.62","7.48","7.70","7.36","643.94M","1.06%"
"2015年5月13日","7.54","7.75","7.75","7.49","635.52M","-2.71%"
"2015年5月12日","7.75","7.75","7.80","7.67","581.85M","0.26%"
"2015年5月11日","7.73","7.57","7.74","7.47","721.89M","1.98%"
"2015年5月8日","7.58","7.56","7.59","7.35","596.01M","1.20%"
"2015年5月7日","7.49","7.70","7.74","7.45","579.66M","-3.60%"
"2015年5月6日","7.77","7.86","8.10","7.63","741.95M","-1.89%"
"2015年5月5日","7.92","8.20","8.56","7.90","1.03B","-3.06%"
"2015年5月4日","8.17","8.08","8.21","7.91","733.86M","0.62%"
"2015年4月30日","8.12","8.29","8.36","8.07","923.69M","-2.17%"
"2015年4月29日","8.30","8.50","8.50","8.12","1.15B","-4.38%"
"2015年4月28日","8.68","8.70","9.27","8.47","2.64B","1.40%"
"2015年4月27日","8.56","8.05","8.56","7.95","1.22B","10.03%"
"2015年4月24日","7.78","7.46","8.11","7.41","1.30B","2.64%"
"2015年4月23日","7.58","7.48","7.76","7.40","1.05B","1.74%"
"2015年4月22日","7.45","7.30","7.48","7.24","889.24M","2.48%"
"2015年4月21日","7.27","7.17","7.34","7.11","688.95M","1.82%"
"2015年4月20日","7.14","7.26","7.48","7.10","1.38B","-2.86%"
"2015年4月17日","7.35","7.21","7.48","7.11","1.62B","4.70%"
"2015年4月16日","7.02","6.80","7.10","6.76","1.11B","3.39%"
"2015年4月15日","6.79","6.76","6.94","6.65","876.73M","0.74%"
"2015年4月14日","6.74","6.80","6.80","6.69","649.37M","-1.17%"
"2015年4月13日","6.82","6.74","6.85","6.71","834.71M","1.49%"
"2015年4月10日","6.72","6.66","6.73","6.63","667.06M","0.60%"
"2015年4月9日","6.68","6.68","6.78","6.55","852.47M","-0.74%"
"2015年4月8日","6.73","6.69","6.79","6.55","1.16B","0.90%"
"2015年4月7日","6.67","6.49","6.68","6.47","1.06B","3.41%"
"2015年4月3日","6.45","6.43","6.46","6.39","536.57M","-0.46%"
"2015年4月2日","6.48","6.52","6.56","6.42","671.38M","0.15%"
"2015年4月1日","6.47","6.38","6.50","6.37","590.57M","0.94%"
"2015年3月31日","6.41","6.52","6.58","6.40","828.59M","-1.23%"
"2015年3月30日","6.49","6.35","6.51","6.34","858.38M","1.88%"
"2015年3月27日","6.37","6.46","6.48","6.34","508.85M","-1.09%"
"2015年3月26日","6.44","6.25","6.46","6.20","972.99M","2.88%"
"2015年3月25日","6.26","6.36","6.37","6.23","546.34M","-1.73%"
"2015年3月24日","6.37","6.45","6.47","6.27","815.50M","-1.09%"
"2015年3月23日","6.44","6.36","6.44","6.31","1.02B","0.31%"
"2015年3月20日","6.42","6.40","6.48","6.34","694.90M","0.00%"
"2015年3月19日","6.42","6.41","6.54","6.36","689.58M","0.00%"
"2015年3月18日","6.42","6.34","6.43","6.28","742.75M","1.10%"
"2015年3月17日","6.35","6.26","6.35","6.22","801.71M","1.93%"
"2015年3月16日","6.23","6.18","6.24","6.13","512.67M","0.97%"
"2015年3月13日","6.17","6.17","6.27","6.14","462.14M","0.33%"
"2015年3月12日","6.15","6.08","6.20","6.03","492.43M","1.49%"
"2015年3月11日","6.06","6.03","6.15","6.01","317.36M","0.17%"
"2015年3月10日","6.05","6.10","6.10","6.02","278.33M","-0.98%"
"2015年3月9日","6.11","6.00","6.12","5.95","456.85M","2.35%"
"2015年3月6日","5.97","5.94","6.02","5.92","232.01M","0.34%"
"2015年3月5日","5.95","6.01","6.05","5.90","404.84M","-2.14%"
"2015年3月4日","6.08","6.03","6.14","5.97","389.00M","0.66%"
"2015年3月3日","6.04","6.21","6.22","6.01","483.64M","-3.36%"
"2015年3月2日","6.25","6.28","6.28","6.18","530.49M","-0.95%"
"2015年2月27日","6.31","6.10","6.40","6.08","771.48M","2.77%"
"2015年2月26日","6.14","6.06","6.14","5.98","494.12M","0.66%"
"2015年2月25日","6.10","6.06","6.19","6.02","919.77M","3.39%"
"2015年2月17日","5.90","5.88","5.92","5.87","248.45M","0.51%"
"2015年2月16日","5.87","5.85","5.89","5.81","239.46M","0.51%"
"2015年2月13日","5.84","5.85","5.92","5.82","415.02M","0.17%"
"2015年2月12日","5.83","5.70","5.86","5.64","454.10M","2.28%"
"2015年2月11日","5.70","5.74","5.74","5.67","333.18M","-0.70%"
"2015年2月10日","5.74","5.63","5.75","5.61","499.06M","1.06%"
"2015年2月9日","5.68","5.62","5.72","5.55","457.01M","-0.18%"
"2015年2月6日","5.69","5.81","5.82","5.65","464.73M","-2.40%"
"2015年2月5日","5.83","6.03","6.03","5.82","421.41M","-1.52%"
"2015年2月4日","5.92","6.03","6.11","5.91","481.23M","-1.50%"
"2015年2月3日","6.01","5.93","6.02","5.88","519.82M","2.39%"
"2015年2月2日","5.87","5.98","6.00","5.85","441.45M","-2.81%"
"2015年1月30日","6.04","6.14","6.17","6.02","502.45M","-1.95%"
"2015年1月29日","6.16","6.20","6.21","6.05","604.76M","-2.99%"
"2015年1月28日","6.35","6.43","6.46","6.31","307.17M","-2.16%"
"2015年1月27日","6.49","6.67","6.72","6.38","394.55M","-2.70%"
"2015年1月26日","6.67","6.58","6.70","6.52","281.93M","1.06%"
"2015年1月23日","6.60","6.60","6.82","6.55","428.53M","0.15%"
"2015年1月22日","6.59","6.58","6.64","6.52","327.29M","0.00%"
"2015年1月21日","6.59","6.31","6.70","6.24","506.85M","4.44%"
"2015年1月20日","6.31","6.27","6.44","6.19","405.84M","1.12%"
"2015年1月19日","6.24","6.53","6.74","6.24","588.67M","-9.96%"
"2015年1月16日","6.93","6.85","7.04","6.83","493.61M","0.43%"
"2015年1月15日","6.90","6.63","6.95","6.56","433.88M","5.02%"
"2015年1月14日","6.57","6.58","6.66","6.51","244.59M","-0.30%"
"2015年1月13日","6.59","6.56","6.73","6.50","291.01M","0.30%"
"2015年1月12日","6.57","6.64","6.73","6.52","342.11M","-2.52%"
"2015年1月9日","6.74","6.78","7.03","6.64","603.20M","-1.61%"
"2015年1月8日","6.85","7.09","7.41","6.83","819.09M","-4.46%"
"2015年1月7日","7.17","6.91","7.26","6.76","787.32M","2.43%"
"2015年1月6日","7.00","7.18","7.22","6.81","1.09B","-1.96%"
"2015年1月5日","7.14","6.59","7.14","6.45","1.19B","10.02%"
"2014年12月31日","6.49","6.29","6.51","6.22","696.01M","3.67%"
"2014年12月30日","6.26","6.24","6.35","6.15","427.39M","0.16%"
"2014年12月29日","6.25","6.38","6.50","6.19","734.61M","1.30%"
"2014年12月26日","6.17","6.00","6.19","5.95","515.09M","2.66%"
"2014年12月25日","6.01","5.88","6.01","5.84","390.66M","2.56%"
"2014年12月24日","5.86","6.06","6.10","5.80","447.01M","-2.98%"
"2014年12月23日","6.04","6.27","6.31","6.01","493.23M","-4.88%"
"2014年12月22日","6.35","6.28","6.66","6.25","1.03B","2.09%"
"2014年12月19日","6.22","5.94","6.33","5.85","720.19M","4.01%"
"2014年12月18日","5.98","6.05","6.13","5.94","485.26M","-0.66%"
"2014年12月17日","6.02","5.91","6.07","5.82","629.75M","2.03%"
"2014年12月16日","5.90","5.73","5.90","5.70","522.87M","2.61%"
"2014年12月15日","5.75","5.75","5.76","5.65","308.96M","-0.17%"
"2014年12月12日","5.76","5.75","5.84","5.72","358.55M","-0.17%"
"2014年12月11日","5.77","5.79","5.82","5.68","461.94M","-2.04%"
"2014年12月10日","5.89","5.85","5.95","5.66","564.99M","-0.17%"
"2014年12月9日","5.90","6.28","6.48","5.79","1.23B","-8.24%"
"2014年12月8日","6.43","6.30","6.58","6.15","1.16B","-1.83%"
"2014年12月5日","6.55","6.22","6.78","6.00","1.47B","4.80%"
"2014年12月4日","6.25","5.70","6.25","5.58","848.21M","10.04%"
"2014年12月3日","5.68","5.69","5.91","5.54","586.16M","0.89%"
"2014年12月2日","5.63","5.41","5.65","5.34","502.77M","4.07%"
"2014年12月1日","5.41","5.41","5.57","5.37","454.83M","0.56%"
"2014年11月28日","5.38","5.23","5.42","5.21","444.42M","1.89%"
"2014年11月27日","5.28","5.29","5.33","5.22","215.19M","0.00%"
"2014年11月26日","5.28","5.17","5.28","5.16","271.12M","1.73%"
"2014年11月25日","5.19","5.16","5.20","5.13","141.99M","0.19%"
"2014年11月24日","5.18","5.15","5.20","5.12","152.96M","1.17%"
"2014年11月21日","5.12","5.10","5.12","5.06","86.49M","0.39%"
"2014年11月20日","5.10","5.07","5.10","5.06","55.19M","0.39%"
"2014年11月19日","5.08","5.09","5.11","5.06","72.80M","-0.59%"
"2014年11月18日","5.11","5.18","5.19","5.09","113.04M","-1.73%"
"2014年11月17日","5.20","5.25","5.27","5.19","97.13M","-0.95%"
"2014年11月14日","5.25","5.30","5.30","5.21","111.36M","-1.13%"
"2014年11月13日","5.31","5.29","5.36","5.27","172.48M","0.38%"
"2014年11月12日","5.29","5.28","5.30","5.23","152.18M","-0.56%"
"2014年11月11日","5.32","5.26","5.43","5.24","354.79M","1.33%"
"2014年11月10日","5.25","5.17","5.26","5.14","162.76M","1.55%"
"2014年11月7日","5.17","5.16","5.21","5.12","110.54M","0.19%"
"2014年11月6日","5.16","5.18","5.20","5.15","74.53M","-0.19%"
"2014年11月5日","5.17","5.22","5.23","5.16","88.37M","-1.15%"
"2014年11月4日","5.23","5.22","5.25","5.18","110.75M","-0.38%"
"2014年11月3日","5.25","5.27","5.27","5.23","117.74M","-0.38%"
"2014年10月31日","5.27","5.17","5.29","5.16","206.05M","1.93%"
"2014年10月30日","5.17","5.13","5.22","5.11","136.53M","0.39%"
"2014年10月29日","5.15","5.09","5.16","5.06","93.52M","1.18%"
"2014年10月28日","5.09","5.02","5.09","5.01","67.07M","1.60%"
"2014年10月27日","5.01","5.04","5.04","4.99","56.09M","-0.79%"
"2014年10月24日","5.05","5.07","5.09","5.04","39.99M","-0.39%"
"2014年10月23日","5.07","5.11","5.12","5.05","68.73M","-1.17%"
"2014年10月22日","5.13","5.13","5.15","5.11","50.48M","0.39%"
"2014年10月21日","5.11","5.16","5.17","5.11","52.18M","-0.97%"
"2014年10月20日","5.16","5.15","5.17","5.14","48.71M","0.19%"
"2014年10月17日","5.15","5.19","5.19","5.12","79.16M","-0.77%"
"2014年10月16日","5.19","5.17","5.24","5.16","78.87M","-0.19%"
"2014年10月15日","5.20","5.19","5.21","5.16","67.81M","0.00%"
"2014年10月14日","5.20","5.20","5.24","5.18","58.59M","0.00%"
"2014年10月13日","5.20","5.25","5.26","5.16","106.49M","-1.52%"
"2014年10月10日","5.28","5.29","5.32","5.26","75.51M","-0.56%"
"2014年10月9日","5.31","5.29","5.34","5.27","108.53M","0.57%"
"2014年10月8日","5.28","5.31","5.32","5.22","105.87M","-0.56%"
"2014年9月30日","5.31","5.32","5.32","5.27","79.99M","-0.19%"
"2014年9月29日","5.32","5.31","5.35","5.28","80.41M","0.19%"
"2014年9月26日","5.31","5.32","5.33","5.28","52.05M","-0.56%"
"2014年9月25日","5.34","5.33","5.37","5.32","97.38M","0.19%"
"2014年9月24日","5.33","5.26","5.33","5.22","92.11M","-0.37%"
"2014年9月23日","5.35","5.31","5.35","5.27","73.79M","0.38%"
"2014年9月22日","5.33","5.42","5.42","5.29","118.78M","-1.84%"
"2014年9月19日","5.43","5.43","5.44","5.38","65.31M","0.18%"
"2014年9月18日","5.42","5.41","5.46","5.38","81.15M","0.00%"
"2014年9月17日","5.42","5.45","5.45","5.38","89.62M","-0.73%"
"2014年9月16日","5.46","5.57","5.57","5.43","185.16M","-2.50%"